Threshold,Method,Model,Num_Edges_Mean,Num_Edges_Std,Num_Nodes_Mean,Num_Nodes_Std,Modularity_Mean,Modularity_Std,Num_Communities_Mean,Num_Communities_Std,Avg_Community_Size_Mean,Avg_Community_Size_Std,Avg_Clustering_Mean,Avg_Clustering_Std,Graph_Density_Mean,Graph_Density_Std,Avg_Degree_Mean,Avg_Degree_Std,Nodes_Removed_Mean,Nodes_Removed_Std,Edges_Removed_Mean,Edges_Removed_Std,Percent_Nodes_Retained_Mean,Percent_Nodes_Retained_Std,Percent_Edges_Retained_Mean,Percent_Edges_Retained_Std,MAE_Mean,MAE_Std,RMSE_Mean,RMSE_Std,R2_Mean,R2_Std
0.0,blackhole,GAT,195708.0,688.297900621526,11233.25,39.66001344763598,0.8368739015630045,0.0004219976831728053,994.75,11.615363389350618,11.293940219389231,0.16311142390975353,0.4091555412693166,0.0018552877784706388,0.0031022093600428535,1.256312997222684e-05,34.844439409310894,0.04852227664125933,1327.75,39.66001344763598,218942.0,688.297900621526,0.8942958363187644,0.0031573929979807126,0.4719836006270348,0.0016599491152092718,0.8051905740489298,0.11822345642929867,1.3149774803844492,0.17828696925111495,0.6789191175156417,0.09039636657924033
0.0,blackhole,GCN,195708.0,688.297900621526,11233.25,39.66001344763598,0.8368739015630045,0.0004219976831728053,994.75,11.615363389350618,11.293940219389231,0.16311142390975353,0.4091555412693166,0.0018552877784706388,0.0031022093600428535,1.256312997222684e-05,34.844439409310894,0.04852227664125933,1327.75,39.66001344763598,218942.0,688.297900621526,0.8942958363187644,0.0031573929979807126,0.4719836006270348,0.0016599491152092718,1.0647995920970375,0.0367896990570849,1.602909992478385,0.05493872532121261,0.5289880573201298,0.03232317849276916
0.0,blackhole,GraphSAGE,195708.0,688.297900621526,11233.25,39.66001344763598,0.8368739015630045,0.0004219976831728053,994.75,11.615363389350618,11.293940219389231,0.16311142390975353,0.4091555412693166,0.0018552877784706388,0.0031022093600428535,1.256312997222684e-05,34.844439409310894,0.04852227664125933,1327.75,39.66001344763598,218942.0,688.297900621526,0.8942958363187644,0.0031573929979807126,0.4719836006270348,0.0016599491152092718,1.357337514706664,0.03910936658772299,2.1292909605356476,0.07122403161573423,0.16887663766764446,0.05610218193569063
0.0,kcenter,GAT,207325.0,0.0,10279.0,0.0,0.8610621217903596,0.0,1181.0,0.0,8.70364098221846,0.0,0.7668239329918742,0.0,0.003924842108519267,0.0,40.33952719136103,0.0,2282.0,0.0,207325.0,0.0,0.8183265663561818,0.0,0.5,0.0,1.0256386619717297,0.03947136255699701,1.584997874495705,0.02490254445852224,0.5397763371688458,0.014398217331866471
0.0,kcenter,GCN,207325.0,0.0,10279.0,0.0,0.8610621217903596,0.0,1181.0,0.0,8.70364098221846,0.0,0.7668239329918742,0.0,0.003924842108519267,0.0,40.33952719136103,0.0,2282.0,0.0,207325.0,0.0,0.8183265663561818,0.0,0.5,0.0,1.0619516249229677,0.0332332671577833,1.7240646034983396,0.04414092878813317,0.45530710519293716,0.027539239753904456
0.0,kcenter,GraphSAGE,207325.0,0.0,10279.0,0.0,0.8610621217903596,0.0,1181.0,0.0,8.70364098221846,0.0,0.7668239329918742,0.0,0.003924842108519267,0.0,40.33952719136103,0.0,2282.0,0.0,207325.0,0.0,0.8183265663561818,0.0,0.5,0.0,1.2147323085058483,0.052707863847784066,1.8989274959140183,0.06986354634246676,0.3388673394634516,0.04847340741035227
0.0,pagerank,GAT,296011.0,121.63606921194607,10678.25,42.867042507424436,0.8393905480007375,0.00021919339845576327,886.0,3.1622776601683795,12.052320212896515,0.06580668352593864,0.6329072412737019,0.0009842109133914932,0.005192719796878553,4.3279458878776655e-05,55.44257692994428,0.2399291526295984,1882.75,42.867042507424436,118639.0,121.63606921194607,0.85011145609426,0.003412709378825279,0.7138815868805016,0.0002933463625031702,1.0827573790753289,0.020003306625481682,1.6518859500919105,0.014343511747464777,0.5001774380285305,0.008648327421633017
0.0,pagerank,GCN,296011.0,121.63606921194607,10678.25,42.867042507424436,0.8393905480007375,0.00021919339845576327,886.0,3.1622776601683795,12.052320212896515,0.06580668352593864,0.6329072412737019,0.0009842109133914932,0.005192719796878553,4.3279458878776655e-05,55.44257692994428,0.2399291526295984,1882.75,42.867042507424436,118639.0,121.63606921194607,0.85011145609426,0.003412709378825279,0.7138815868805016,0.0002933463625031702,1.1855729662779955,0.08682713724719905,1.9213978751538991,0.08729739700866167,0.3227677200560307,0.06107007409908891
0.0,pagerank,GraphSAGE,296011.0,121.63606921194607,10678.25,42.867042507424436,0.8393905480007375,0.00021919339845576327,886.0,3.1622776601683795,12.052320212896515,0.06580668352593864,0.6329072412737019,0.0009842109133914932,0.005192719796878553,4.3279458878776655e-05,55.44257692994428,0.2399291526295984,1882.75,42.867042507424436,118639.0,121.63606921194607,0.85011145609426,0.003412709378825279,0.7138815868805016,0.0002933463625031702,1.2634472102576375,0.2137937690043228,1.96453289249163,0.31972722876733034,0.27907059971867554,0.2119310127671275
0.0,stratified,GAT,260889.75,181.1304778329699,10879.5,108.03240254664338,0.835374878977595,0.00012004051626465786,905.75,0.9574271077563381,12.011540943722963,0.11142305323718944,0.5714108054715089,0.005278700603679499,0.00440961573147546,8.427523448499002e-05,47.96317644004429,0.4428446844253194,1681.5,108.03240254664338,153760.25,181.1304778329699,0.8661332696441366,0.008600621172410105,0.6291806342698661,0.00043682739137337466,1.0924103273932984,0.029296863335862924,1.6701785504756965,0.018840018252758068,0.4890264406865842,0.011538485964492728
0.0,stratified,GCN,260889.75,181.1304778329699,10879.5,108.03240254664338,0.835374878977595,0.00012004051626465786,905.75,0.9574271077563381,12.011540943722963,0.11142305323718944,0.5714108054715089,0.005278700603679499,0.00440961573147546,8.427523448499002e-05,47.96317644004429,0.4428446844253194,1681.5,108.03240254664338,153760.25,181.1304778329699,0.8661332696441366,0.008600621172410105,0.6291806342698661,0.00043682739137337466,1.1890252559935413,0.09068188648129902,1.919791651906958,0.09409015605443222,0.3237285266886284,0.06495550515779352
0.0,stratified,GraphSAGE,260889.75,181.1304778329699,10879.5,108.03240254664338,0.835374878977595,0.00012004051626465786,905.75,0.9574271077563381,12.011540943722963,0.11142305323718944,0.5714108054715089,0.005278700603679499,0.00440961573147546,8.427523448499002e-05,47.96317644004429,0.4428446844253194,1681.5,108.03240254664338,153760.25,181.1304778329699,0.8661332696441366,0.008600621172410105,0.6291806342698661,0.00043682739137337466,1.1650401872189744,0.20675098103156428,1.790099214228969,0.32292655736394127,0.39874607326139844,0.21176556798532573
0.1,blackhole,GAT,164639.75,739.7555339434779,10111.5,45.59605246071199,0.8463534313644354,0.000361068638870771,997.0,13.490737563232042,10.143693075951358,0.17676164449126353,0.39756304920555136,0.0018089858590964335,0.003220947322515314,1.5587118094240846e-05,32.564872435587276,0.04034068291629529,2449.5,45.59605246071199,250010.25,739.7555339434779,0.8049916407929305,0.003629969943532533,0.3970571566381285,0.001784048074143181,0.7965299652275526,0.07107100941640113,1.282494878427216,0.13028156747855094,0.69640769185438,0.06098449411693074
0.1,blackhole,GCN,164639.75,739.7555339434779,10111.5,45.59605246071199,0.8463534313644354,0.000361068638870771,997.0,13.490737563232042,10.143693075951358,0.17676164449126353,0.39756304920555136,0.0018089858590964335,0.003220947322515314,1.5587118094240846e-05,32.564872435587276,0.04034068291629529,2449.5,45.59605246071199,250010.25,739.7555339434779,0.8049916407929305,0.003629969943532533,0.3970571566381285,0.001784048074143181,1.1718335622059282,0.1791983805160686,1.7854742684080946,0.2616477807279556,0.4066958378700436,0.17041350757516535
0.1,blackhole,GraphSAGE,164639.75,739.7555339434779,10111.5,45.59605246071199,0.8463534313644354,0.000361068638870771,997.0,13.490737563232042,10.143693075951358,0.17676164449126353,0.39756304920555136,0.0018089858590964335,0.003220947322515314,1.5587118094240846e-05,32.564872435587276,0.04034068291629529,2449.5,45.59605246071199,250010.25,739.7555339434779,0.8049916407929305,0.003629969943532533,0.3970571566381285,0.001784048074143181,1.0550919879120697,0.4320666952415906,1.6389309754667678,0.6663637689874513,0.4470163255924929,0.4003594767292829
0.1,kcenter,GAT,186593.0,0.0,9264.0,0.0,0.8626906514401359,0.0,1100.0,0.0,8.421818181818182,0.0,0.7563033286114496,0.0,0.004348857051388545,0.0,40.28346286701209,0.0,3297.0,0.0,228057.0,0.0,0.7375208980176737,0.0,0.4500012058362474,0.0,1.094336942075358,0.02053731262411178,1.6486113171134746,0.005239694791708187,0.5021815092465032,0.0031672261396752145
0.1,kcenter,GCN,186593.0,0.0,9264.0,0.0,0.8626906514401359,0.0,1100.0,0.0,8.421818181818182,0.0,0.7563033286114496,0.0,0.004348857051388545,0.0,40.28346286701209,0.0,3297.0,0.0,228057.0,0.0,0.7375208980176737,0.0,0.4500012058362474,0.0,1.0474120367808817,0.04322821636192415,1.7008855789239838,0.06725723844367752,0.4694939032538918,0.04246835034338625
0.1,kcenter,GraphSAGE,186593.0,0.0,9264.0,0.0,0.8626906514401359,0.0,1100.0,0.0,8.421818181818182,0.0,0.7563033286114496,0.0,0.004348857051388545,0.0,40.28346286701209,0.0,3297.0,0.0,228057.0,0.0,0.7375208980176737,0.0,0.4500012058362474,0.0,1.2659763366490628,0.02173512953277988,1.987276058985581,0.02565164109294635,0.2765611162171431,0.018581935378772275
0.1,pagerank,GAT,261123.5,45.58142896692321,9555.0,41.08527716834828,0.8453957812497916,0.00013228313882763902,887.75,1.5,10.763230853337477,0.06075770125328653,0.6488027806507252,0.0016455248346398227,0.005721075574088157,4.8347167442856316e-05,54.65766645282652,0.2273528577026804,3006.0,41.08527716834828,153526.5,45.58142896692321,0.7606878433245761,0.0032708603748386475,0.6297443627155432,0.00010992747851663805,1.1114956187352267,0.014515905185354139,1.6917286948175119,0.013555185460316635,0.4757800760008055,0.008377814870942038
0.1,pagerank,GCN,261123.5,45.58142896692321,9555.0,41.08527716834828,0.8453957812497916,0.00013228313882763902,887.75,1.5,10.763230853337477,0.06075770125328653,0.6488027806507252,0.0016455248346398227,0.005721075574088157,4.8347167442856316e-05,54.65766645282652,0.2273528577026804,3006.0,41.08527716834828,153526.5,45.58142896692321,0.7606878433245761,0.0032708603748386475,0.6297443627155432,0.00010992747851663805,1.0919505877788938,0.05147691352959141,1.8194098843429727,0.0644125183053323,0.3931234775297653,0.043151206061177026
0.1,pagerank,GraphSAGE,261123.5,45.58142896692321,9555.0,41.08527716834828,0.8453957812497916,0.00013228313882763902,887.75,1.5,10.763230853337477,0.06075770125328653,0.6488027806507252,0.0016455248346398227,0.005721075574088157,4.8347167442856316e-05,54.65766645282652,0.2273528577026804,3006.0,41.08527716834828,153526.5,45.58142896692321,0.7606878433245761,0.0032708603748386475,0.6297443627155432,0.00010992747851663805,1.3950836839383336,0.01976519358214733,2.1729095792834063,0.014644431998028319,0.13517291299222972,0.011661250425454366
0.1,stratified,GAT,229867.5,166.5342807552447,9784.5,124.84790747145104,0.8435457909249464,0.00027441044964471035,902.5,5.686240703077327,10.84135783657169,0.09433757761552902,0.5859748078703565,0.006433834118894208,0.004804275487614057,0.00011908262900510086,46.991479721441834,0.5675830539108428,2776.5,124.84790747145104,184782.5,166.5342807552447,0.7789586816336279,0.009939328673787967,0.5543651272157241,0.0004016261443512792,1.0912539663983618,0.046777720220896706,1.6746187501557348,0.030391125223832322,0.4862281052208294,0.01852413219546555
0.1,stratified,GCN,229867.5,166.5342807552447,9784.5,124.84790747145104,0.8435457909249464,0.00027441044964471035,902.5,5.686240703077327,10.84135783657169,0.09433757761552902,0.5859748078703565,0.006433834118894208,0.004804275487614057,0.00011908262900510086,46.991479721441834,0.5675830539108428,2776.5,124.84790747145104,184782.5,166.5342807552447,0.7789586816336279,0.009939328673787967,0.5543651272157241,0.0004016261443512792,1.1718894806239875,0.06735580720956813,1.89556107155466,0.07557841230097401,0.3410928228500123,0.052811238412681843
0.1,stratified,GraphSAGE,229867.5,166.5342807552447,9784.5,124.84790747145104,0.8435457909249464,0.00027441044964471035,902.5,5.686240703077327,10.84135783657169,0.09433757761552902,0.5859748078703565,0.006433834118894208,0.004804275487614057,0.00011908262900510086,46.991479721441834,0.5675830539108428,2776.5,124.84790747145104,184782.5,166.5342807552447,0.7789586816336279,0.009939328673787967,0.5543651272157241,0.0004016261443512792,1.1887800176981138,0.199019447203451,1.8260113019022919,0.32023758109279665,0.3751980804864584,0.21550237485440416
0.2,blackhole,GAT,133772.25,496.9214391296341,8977.75,26.094379982415113,0.8517607252388346,0.0004875066472251916,996.0,9.899494936611665,9.014619761441054,0.11087355510791913,0.3830365575751689,0.003297648396093988,0.003319795881961742,1.0027104074668738e-05,29.800814937732305,0.05159236123879512,3583.25,26.094379982415113,280877.75,496.9214391296341,0.7147321073162964,0.00207741262498331,0.3226148559025684,0.0011984117668627533,0.8451835777660882,0.04543208840770251,1.354611115707816,0.0274702224424691,0.663802578049433,0.01359854760261529
0.2,blackhole,GCN,133772.25,496.9214391296341,8977.75,26.094379982415113,0.8517607252388346,0.0004875066472251916,996.0,9.899494936611665,9.014619761441054,0.11087355510791913,0.3830365575751689,0.003297648396093988,0.003319795881961742,1.0027104074668738e-05,29.800814937732305,0.05159236123879512,3583.25,26.094379982415113,280877.75,496.9214391296341,0.7147321073162964,0.00207741262498331,0.3226148559025684,0.0011984117668627533,1.1640955703357379,0.1056955266882101,1.7690398068216426,0.17903497402136606,0.42239652591439325,0.1161523213259669
0.2,blackhole,GraphSAGE,133772.25,496.9214391296341,8977.75,26.094379982415113,0.8517607252388346,0.0004875066472251916,996.0,9.899494936611665,9.014619761441054,0.11087355510791913,0.3830365575751689,0.003297648396093988,0.003319795881961742,1.0027104074668738e-05,29.800814937732305,0.05159236123879512,3583.25,26.094379982415113,280877.75,496.9214391296341,0.7147321073162964,0.00207741262498331,0.3226148559025684,0.0011984117668627533,1.0466165514606025,0.39259157095652275,1.6186011844542516,0.6004502221380299,0.47061653963505623,0.3562962524815396
0.2,kcenter,GAT,165860.0,0.0,8264.0,0.0,0.8609703015176727,0.0,1045.0,0.0,7.908133971291866,0.0,0.7527445630543451,0.0,0.004857844349582499,0.0,40.14036786060019,0.0,4297.0,0.0,248790.0,0.0,0.6579094021176658,0.0,0.4,0.0,1.0766583227592261,0.032737881549969025,1.6434585111807438,0.027497513949905163,0.5051884329360188,0.016677066955119658
0.2,kcenter,GCN,165860.0,0.0,8264.0,0.0,0.8609703015176727,0.0,1045.0,0.0,7.908133971291866,0.0,0.7527445630543451,0.0,0.004857844349582499,0.0,40.14036786060019,0.0,4297.0,0.0,248790.0,0.0,0.6579094021176658,0.0,0.4,0.0,1.0162955800391273,0.014599883799551263,1.6675716582851017,0.014739774646079864,0.49063906008622626,0.008964253432241831
0.2,kcenter,GraphSAGE,165860.0,0.0,8264.0,0.0,0.8609703015176727,0.0,1045.0,0.0,7.908133971291866,0.0,0.7527445630543451,0.0,0.004857844349582499,0.0,40.14036786060019,0.0,4297.0,0.0,248790.0,0.0,0.6579094021176658,0.0,0.4,0.0,1.3071228378852657,0.04330166698361992,2.0403128963688926,0.050586174287354034,0.2371750187561205,0.03799768433141718
0.2,pagerank,GAT,227137.5,125.67816039392046,8501.0,31.801467471381464,0.8466468885264534,0.0001810533206086674,881.5,1.2909944487358056,9.643812518004971,0.04127440297346024,0.6591001235910667,0.0009577328745742842,0.0062870029345158075,4.741513853552119e-05,53.43839733673799,0.20411134471831033,4060.0,31.801467471381464,187512.5,125.67816039392046,0.6767773266459677,0.002531762397212145,0.5477812613047148,0.0003030945626285504,1.1457690335838604,0.014214209376861015,1.7200904065690068,0.009021870995211591,0.4580706305599256,0.005684649729900651
0.2,pagerank,GCN,227137.5,125.67816039392046,8501.0,31.801467471381464,0.8466468885264534,0.0001810533206086674,881.5,1.2909944487358056,9.643812518004971,0.04127440297346024,0.6591001235910667,0.0009577328745742842,0.0062870029345158075,4.741513853552119e-05,53.43839733673799,0.20411134471831033,4060.0,31.801467471381464,187512.5,125.67816039392046,0.6767773266459677,0.002531762397212145,0.5477812613047148,0.0003030945626285504,1.072738294574938,0.0770115307463893,1.7808074110601222,0.11975948683144154,0.4171783263611747,0.07886930679992728
0.2,pagerank,GraphSAGE,227137.5,125.67816039392046,8501.0,31.801467471381464,0.8466468885264534,0.0001810533206086674,881.5,1.2909944487358056,9.643812518004971,0.04127440297346024,0.6591001235910667,0.0009577328745742842,0.0062870029345158075,4.741513853552119e-05,53.43839733673799,0.20411134471831033,4060.0,31.801467471381464,187512.5,125.67816039392046,0.6767773266459677,0.002531762397212145,0.5477812613047148,0.0003030945626285504,1.431347707241819,0.1332027114840523,2.215469406909274,0.12661853627484343,0.09879143038953128,0.1055826178862498
0.2,stratified,GAT,199848.0,79.5277729266114,8696.0,103.86529738079028,0.8466707784166421,0.0002687619267947965,902.25,1.2583057392117916,9.638067089645874,0.10730251342156705,0.5994680301748405,0.0019822766994441626,0.005287882733085473,0.00012725810333339422,45.9682278430213,0.561204767211057,3865.0,103.86529738079028,214802.0,79.5277729266114,0.6923015683464693,0.008268871696583881,0.4819679247558181,0.00019179494254580875,1.0611697546074064,0.03363517345780921,1.6547411016736755,0.02730157868301063,0.4983741062617294,0.016430621385060785
0.2,stratified,GCN,199848.0,79.5277729266114,8696.0,103.86529738079028,0.8466707784166421,0.0002687619267947965,902.25,1.2583057392117916,9.638067089645874,0.10730251342156705,0.5994680301748405,0.0019822766994441626,0.005287882733085473,0.00012725810333339422,45.9682278430213,0.561204767211057,3865.0,103.86529738079028,214802.0,79.5277729266114,0.6923015683464693,0.008268871696583881,0.4819679247558181,0.00019179494254580875,1.172423335446699,0.060768103530396786,1.8811021832639456,0.09407821656602498,0.3506633828539436,0.06536166984245041
0.2,stratified,GraphSAGE,199848.0,79.5277729266114,8696.0,103.86529738079028,0.8466707784166421,0.0002687619267947965,902.25,1.2583057392117916,9.638067089645874,0.10730251342156705,0.5994680301748405,0.0019822766994441626,0.005287882733085473,0.00012725810333339422,45.9682278430213,0.561204767211057,3865.0,103.86529738079028,214802.0,79.5277729266114,0.6923015683464693,0.008268871696583881,0.4819679247558181,0.00019179494254580875,1.057943051244086,0.1726235055867114,1.6470469037609103,0.26594463772454036,0.49341389458092605,0.17339759617204265
0.3,blackhole,GAT,97416.75,255.76209648812312,7710.75,22.081289213570237,0.8535171414185446,0.0004446476773031198,1017.25,6.020797289396148,7.580249607746067,0.06013356765492055,0.3679285782976868,0.00433033321145284,0.003277410444782042,1.3030373341526035e-05,25.26781751597667,0.04460086483870083,4850.25,22.081289213570237,317233.25,255.76209648812312,0.6138643420109864,0.0017579244656930448,0.23493729651513323,0.0006168144133320185,0.8878482778807542,0.07512430336573342,1.3943775337561408,0.08924315695017988,0.6427895705262422,0.04444316931382354
0.3,blackhole,GCN,97416.75,255.76209648812312,7710.75,22.081289213570237,0.8535171414185446,0.0004446476773031198,1017.25,6.020797289396148,7.580249607746067,0.06013356765492055,0.3679285782976868,0.00433033321145284,0.003277410444782042,1.3030373341526035e-05,25.26781751597667,0.04460086483870083,4850.25,22.081289213570237,317233.25,255.76209648812312,0.6138643420109864,0.0017579244656930448,0.23493729651513323,0.0006168144133320185,1.2659934389891319,0.027349113501819414,1.9434914039968079,0.03515541102400989,0.3080049426419236,0.025063768332063197
0.3,blackhole,GraphSAGE,97416.75,255.76209648812312,7710.75,22.081289213570237,0.8535171414185446,0.0004446476773031198,1017.25,6.020797289396148,7.580249607746067,0.06013356765492055,0.3679285782976868,0.00433033321145284,0.003277410444782042,1.3030373341526035e-05,25.26781751597667,0.04460086483870083,4850.25,22.081289213570237,317233.25,255.76209648812312,0.6138643420109864,0.0017579244656930448,0.23493729651513323,0.0006168144133320185,0.7015788103159477,0.030953085139217403,1.0892460332186953,0.03641320024892628,0.7825061355460223,0.014734354736235902
0.3,kcenter,GAT,145128.0,0.0,7180.0,0.0,0.8539239418729795,0.0,994.0,0.0,7.223340040241449,0.0,0.7406067496715977,0.0,0.005631094406038038,0.0,40.425626740947074,0.0,5381.0,0.0,269522.0,0.0,0.5716105405620572,0.0,0.35000120583624744,0.0,1.0514220639774228,0.04447275442073274,1.6345911981380759,0.04227887856878532,0.5103707593635746,0.025321564937447184
0.3,kcenter,GCN,145128.0,0.0,7180.0,0.0,0.8539239418729795,0.0,994.0,0.0,7.223340040241449,0.0,0.7406067496715977,0.0,0.005631094406038038,0.0,40.425626740947074,0.0,5381.0,0.0,269522.0,0.0,0.5716105405620572,0.0,0.35000120583624744,0.0,1.15130880422429,0.030643312483143764,1.854813801911897,0.06724302628078993,0.3692464532436379,0.04568442017946524
0.3,kcenter,GraphSAGE,145128.0,0.0,7180.0,0.0,0.8539239418729795,0.0,994.0,0.0,7.223340040241449,0.0,0.7406067496715977,0.0,0.005631094406038038,0.0,40.425626740947074,0.0,5381.0,0.0,269522.0,0.0,0.5716105405620572,0.0,0.35000120583624744,0.0,0.945283563238826,0.03154077005430246,1.4599228721959698,0.03266493394078187,0.6094703291938276,0.01729002177412859
0.3,pagerank,GAT,193897.0,70.81901816131972,7335.0,34.88074922742725,0.8426331896427005,5.203745587782745e-05,886.25,1.707825127659933,8.276413037814526,0.023956659667254403,0.6617482340549793,0.0027751096317980744,0.007209130313840651,7.025345107566682e-05,52.86992450984882,0.2640140982582497,5226.0,34.88074922742725,220753.0,70.81901816131972,0.5839503224265583,0.002776908624108514,0.46761606173881587,0.00017079227821372692,1.1141859509843324,0.02521096885036356,1.7043848019945882,0.020533126554909152,0.46787488485872386,0.012857727733631598
0.3,pagerank,GCN,193897.0,70.81901816131972,7335.0,34.88074922742725,0.8426331896427005,5.203745587782745e-05,886.25,1.707825127659933,8.276413037814526,0.023956659667254403,0.6617482340549793,0.0027751096317980744,0.007209130313840651,7.025345107566682e-05,52.86992450984882,0.2640140982582497,5226.0,34.88074922742725,220753.0,70.81901816131972,0.5839503224265583,0.002776908624108514,0.46761606173881587,0.00017079227821372692,1.218451454611893,0.05038557251177085,1.9648653400473677,0.08973378324846147,0.2917679432467706,0.06326736553438905
0.3,pagerank,GraphSAGE,193897.0,70.81901816131972,7335.0,34.88074922742725,0.8426331896427005,5.203745587782745e-05,886.25,1.707825127659933,8.276413037814526,0.023956659667254403,0.6617482340549793,0.0027751096317980744,0.007209130313840651,7.025345107566682e-05,52.86992450984882,0.2640140982582497,5226.0,34.88074922742725,220753.0,70.81901816131972,0.5839503224265583,0.002776908624108514,0.46761606173881587,0.00017079227821372692,1.015673497977562,0.019920449832811316,1.5618038453671341,0.01834573063773414,0.5531836090222678,0.010484515094976837
0.3,stratified,GAT,171243.0,155.91236854934462,7492.25,74.46419721360506,0.8431373190080828,0.00013422307748713153,904.75,4.7871355387816905,8.280890993945441,0.04548277188808748,0.6021861535256952,0.0029831198480437093,0.006103334736127525,0.00011597847267806763,45.71512980210029,0.41530166598749807,5068.75,74.46419721360506,243407.0,155.91236854934462,0.5964692301568347,0.005928206131168301,0.4129820330399132,0.0003760095708413128,1.0916771257313256,0.01742228300855947,1.6878877059728925,0.012110855856788026,0.4781627839072917,0.007489954985446901
0.3,stratified,GCN,171243.0,155.91236854934462,7492.25,74.46419721360506,0.8431373190080828,0.00013422307748713153,904.75,4.7871355387816905,8.280890993945441,0.04548277188808748,0.6021861535256952,0.0029831198480437093,0.006103334736127525,0.00011597847267806763,45.71512980210029,0.41530166598749807,5068.75,74.46419721360506,243407.0,155.91236854934462,0.5964692301568347,0.005928206131168301,0.4129820330399132,0.0003760095708413128,1.1857117664932866,0.04386626729253227,1.918783864972855,0.061949609872146115,0.32512601519935974,0.04351776173777149
0.3,stratified,GraphSAGE,171243.0,155.91236854934462,7492.25,74.46419721360506,0.8431373190080828,0.00013422307748713153,904.75,4.7871355387816905,8.280890993945441,0.04548277188808748,0.6021861535256952,0.0029831198480437093,0.006103334736127525,0.00011597847267806763,45.71512980210029,0.41530166598749807,5068.75,74.46419721360506,243407.0,155.91236854934462,0.5964692301568347,0.005928206131168301,0.4129820330399132,0.0003760095708413128,1.0217760969895249,0.015982062286686288,1.5666870699268423,0.014959809406923307,0.5504009387631285,0.008583905382875992
0.4,blackhole,GAT,66833.75,240.42653070463473,6501.75,30.004166377354995,0.8540270184609894,0.00043286151854362095,1027.25,1.2583057392117916,6.329263671662956,0.02373704166213132,0.3440944182779021,0.004879771007030226,0.003162591517241073,1.947973290325923e-05,20.55879257244269,0.0422622123420451,6059.25,30.004166377354995,347816.25,240.42653070463473,0.5176140434678768,0.00238867656853393,0.16118111660436513,0.0005798300511386384,0.8324930194956953,0.08171864401880036,1.3466377545923245,0.10957882431331324,0.6662016754869929,0.0544371322532846
0.4,blackhole,GCN,66833.75,240.42653070463473,6501.75,30.004166377354995,0.8540270184609894,0.00043286151854362095,1027.25,1.2583057392117916,6.329263671662956,0.02373704166213132,0.3440944182779021,0.004879771007030226,0.003162591517241073,1.947973290325923e-05,20.55879257244269,0.0422622123420451,6059.25,30.004166377354995,347816.25,240.42653070463473,0.5176140434678768,0.00238867656853393,0.16118111660436513,0.0005798300511386384,1.1687522425877341,0.08279171812275395,1.7860459304951593,0.09752708322602162,0.41441958007220464,0.06232123905659235
0.4,blackhole,GraphSAGE,66833.75,240.42653070463473,6501.75,30.004166377354995,0.8540270184609894,0.00043286151854362095,1027.25,1.2583057392117916,6.329263671662956,0.02373704166213132,0.3440944182779021,0.004879771007030226,0.003162591517241073,1.947973290325923e-05,20.55879257244269,0.0422622123420451,6059.25,30.004166377354995,347816.25,240.42653070463473,0.5176140434678768,0.00238867656853393,0.16118111660436513,0.0005798300511386384,0.7320480699571371,0.032791367451285545,1.1320805188478626,0.03537092827748472,0.7650888310191597,0.01471776106053983
0.4,kcenter,GAT,124395.0,0.0,6111.0,0.0,0.8431576383754571,0.0,961.0,0.0,6.359001040582727,0.0,0.7123386624346161,0.0,0.006663147483502825,0.0,40.711831124202256,0.0,6450.0,0.0,290255.0,0.0,0.4865058514449487,0.0,0.3,0.0,1.0878575270217634,0.014609179722654584,1.6614453929977853,0.016091847164311775,0.4943687842056129,0.009827001117847085
0.4,kcenter,GCN,124395.0,0.0,6111.0,0.0,0.8431576383754571,0.0,961.0,0.0,6.359001040582727,0.0,0.7123386624346161,0.0,0.006663147483502825,0.0,40.711831124202256,0.0,6450.0,0.0,290255.0,0.0,0.4865058514449487,0.0,0.3,0.0,1.198283566886262,0.021941314594135942,1.9294619511314182,0.03782901812552409,0.3179302247563826,0.026657435299706784
0.4,kcenter,GraphSAGE,124395.0,0.0,6111.0,0.0,0.8431576383754571,0.0,961.0,0.0,6.359001040582727,0.0,0.7123386624346161,0.0,0.006663147483502825,0.0,40.711831124202256,0.0,6450.0,0.0,290255.0,0.0,0.4865058514449487,0.0,0.3,0.0,0.9864110460187412,0.00202427101176596,1.5107603498775584,0.0034042143718739236,0.5819540790041193,0.0018850206238008604
0.4,pagerank,GAT,159854.5,79.20648121629105,6189.0,29.966648127543394,0.8356163700651498,0.0001012201443092349,894.75,3.774917217635375,6.91700368099111,0.006604628928200028,0.6621056201682367,0.0024788541391971065,0.008348475130139163,8.137648826282301e-05,51.6585371172437,0.2542012002981406,6372.0,29.966648127543394,254795.5,79.20648121629105,0.4927155481251493,0.002385689684542914,0.385516700832027,0.00019102009216517138,1.1399127350683278,0.014105251736660657,1.717003807567934,0.01552883525551701,0.4599918199421794,0.009782178753553939
0.4,pagerank,GCN,159854.5,79.20648121629105,6189.0,29.966648127543394,0.8356163700651498,0.0001012201443092349,894.75,3.774917217635375,6.91700368099111,0.006604628928200028,0.6621056201682367,0.0024788541391971065,0.008348475130139163,8.137648826282301e-05,51.6585371172437,0.2542012002981406,6372.0,29.966648127543394,254795.5,79.20648121629105,0.4927155481251493,0.002385689684542914,0.385516700832027,0.00019102009216517138,1.2062676571595379,0.024733585933581815,1.9105398275668715,0.04414925361808409,0.33116765354612676,0.03090171159827254
0.4,pagerank,GraphSAGE,159854.5,79.20648121629105,6189.0,29.966648127543394,0.8356163700651498,0.0001012201443092349,894.75,3.774917217635375,6.91700368099111,0.006604628928200028,0.6621056201682367,0.0024788541391971065,0.008348475130139163,8.137648826282301e-05,51.6585371172437,0.2542012002981406,6372.0,29.966648127543394,254795.5,79.20648121629105,0.4927155481251493,0.002385689684542914,0.385516700832027,0.00019102009216517138,1.0365145328368808,0.002972217900646386,1.5698451827278326,0.006267670025810923,0.5486119874295948,0.003604701271566766
0.4,stratified,GAT,141626.25,101.06887090824091,6323.75,70.00654731285258,0.8365385354791107,0.00019296920585625842,906.75,0.9574271077563381,6.974110414190797,0.08002416971015353,0.6014500143174876,0.0059289531989721875,0.0070862250818818475,0.0001589732114951211,44.79608710202964,0.5104414295434121,6237.25,70.00654731285258,273023.75,101.06887090824091,0.5034431971976754,0.005573325954370881,0.34155613167731824,0.0002437450160574754,1.114990209326726,0.03503094245414854,1.683566670829554,0.029299924371214838,0.48073331195690394,0.018089602073858603
0.4,stratified,GCN,141626.25,101.06887090824091,6323.75,70.00654731285258,0.8365385354791107,0.00019296920585625842,906.75,0.9574271077563381,6.974110414190797,0.08002416971015353,0.6014500143174876,0.0059289531989721875,0.0070862250818818475,0.0001589732114951211,44.79608710202964,0.5104414295434121,6237.25,70.00654731285258,273023.75,101.06887090824091,0.5034431971976754,0.005573325954370881,0.34155613167731824,0.0002437450160574754,1.1587085500262098,0.044532325137497906,1.8487132004130788,0.06502567712721638,0.3734250170276078,0.04444080411113417
0.4,stratified,GraphSAGE,141626.25,101.06887090824091,6323.75,70.00654731285258,0.8365385354791107,0.00019296920585625842,906.75,0.9574271077563381,6.974110414190797,0.08002416971015353,0.6014500143174876,0.0059289531989721875,0.0070862250818818475,0.0001589732114951211,44.79608710202964,0.5104414295434121,6237.25,70.00654731285258,273023.75,101.06887090824091,0.5034431971976754,0.005573325954370881,0.34155613167731824,0.0002437450160574754,1.0214087169425792,0.005482568339271184,1.541376447402616,0.012724509703405188,0.5648181095308163,0.007191371063943172
0.5,blackhole,GAT,41752.5,215.50328690455436,5269.75,22.45551157288562,0.8549905475901434,0.0010287236543300518,1038.0,2.8284271247461903,5.076892010264082,0.03330302509095498,0.3106451366225821,0.005077201346947406,0.0030075906388275326,1.1223483241066395e-05,15.846065086476223,0.022893672342788975,7291.25,22.45551157288562,372897.5,215.50328690455436,0.41953268051906695,0.0017877168675173743,0.10069335584227662,0.0005197233495829121,0.8366422055365473,0.04739740602390643,1.3158659326498023,0.05562740754680364,0.6824324049918756,0.026787276902868983
0.5,blackhole,GCN,41752.5,215.50328690455436,5269.75,22.45551157288562,0.8549905475901434,0.0010287236543300518,1038.0,2.8284271247461903,5.076892010264082,0.03330302509095498,0.3106451366225821,0.005077201346947406,0.0030075906388275326,1.1223483241066395e-05,15.846065086476223,0.022893672342788975,7291.25,22.45551157288562,372897.5,215.50328690455436,0.41953268051906695,0.0017877168675173743,0.10069335584227662,0.0005197233495829121,1.2298628383339647,0.03711128319910375,1.8588359420720153,0.06553729914359961,0.3665417344578381,0.04516643195253231
0.5,blackhole,GraphSAGE,41752.5,215.50328690455436,5269.75,22.45551157288562,0.8549905475901434,0.0010287236543300518,1038.0,2.8284271247461903,5.076892010264082,0.03330302509095498,0.3106451366225821,0.005077201346947406,0.0030075906388275326,1.1223483241066395e-05,15.846065086476223,0.022893672342788975,7291.25,22.45551157288562,372897.5,215.50328690455436,0.41953268051906695,0.0017877168675173743,0.10069335584227662,0.0005197233495829121,0.7667363005233141,0.04633331006294442,1.169647728360704,0.04735738060828223,0.7491148373153768,0.01995184690318685
0.5,kcenter,GAT,103663.0,0.0,5028.0,0.0,0.8314008669777793,0.0,926.0,0.0,5.429805615550756,0.0,0.6720248445208955,0.0,0.008202563753187047,0.0,41.23428798727128,0.0,7533.0,0.0,310987.0,0.0,0.40028660138524,0.0,0.25000120583624746,0.0,1.101978191148584,0.027198743226182275,1.6552253812508253,0.0163883216614907,0.49814600769961015,0.009945820687122225
0.5,kcenter,GCN,103663.0,0.0,5028.0,0.0,0.8314008669777793,0.0,926.0,0.0,5.429805615550756,0.0,0.6720248445208955,0.0,0.008202563753187047,0.0,41.23428798727128,0.0,7533.0,0.0,310987.0,0.0,0.40028660138524,0.0,0.25000120583624746,0.0,1.1804787801982999,0.04956464985828499,1.8655878745917882,0.06878289292103247,0.3618759071211196,0.04700762233338481
0.5,kcenter,GraphSAGE,103663.0,0.0,5028.0,0.0,0.8314008669777793,0.0,926.0,0.0,5.429805615550756,0.0,0.6720248445208955,0.0,0.008202563753187047,0.0,41.23428798727128,0.0,7533.0,0.0,310987.0,0.0,0.40028660138524,0.0,0.25000120583624746,0.0,0.9858859152961018,0.0074470093503592625,1.4852428218585545,0.009642982041596406,0.5959456058249801,0.005238382219051339
0.5,pagerank,GAT,124313.0,23.790754506740637,5045.75,9.535023160258536,0.8257063475175249,0.00016298128394566817,895.0,0.816496580927726,5.6377152063794105,0.013155279070515027,0.6573115655801215,0.002088615805531921,0.009767529356806675,3.750809043016805e-05,49.274475775454064,0.09635765712576211,7515.25,9.535023160258536,290337.0,23.790754506740637,0.4016997054374652,0.0007590974572293911,0.29980224285542023,5.737550827623587e-05,1.1162439770379478,0.03275271458158646,1.6944187241262219,0.013381051162547713,0.47411234387903956,0.008301960596160146
0.5,pagerank,GCN,124313.0,23.790754506740637,5045.75,9.535023160258536,0.8257063475175249,0.00016298128394566817,895.0,0.816496580927726,5.6377152063794105,0.013155279070515027,0.6573115655801215,0.002088615805531921,0.009767529356806675,3.750809043016805e-05,49.274475775454064,0.09635765712576211,7515.25,9.535023160258536,290337.0,23.790754506740637,0.4016997054374652,0.0007590974572293911,0.29980224285542023,5.737550827623587e-05,1.141784257516135,0.035027410162502014,1.833830393838074,0.054253006592729226,0.38363991735595415,0.03659804228255289
0.5,pagerank,GraphSAGE,124313.0,23.790754506740637,5045.75,9.535023160258536,0.8257063475175249,0.00016298128394566817,895.0,0.816496580927726,5.6377152063794105,0.013155279070515027,0.6573115655801215,0.002088615805531921,0.009767529356806675,3.750809043016805e-05,49.274475775454064,0.09635765712576211,7515.25,9.535023160258536,290337.0,23.790754506740637,0.4016997054374652,0.0007590974572293911,0.29980224285542023,5.737550827623587e-05,1.0307683976198228,0.0122865869196948,1.5464515094506874,0.01158297460895043,0.5619516322261274,0.006569369428398757
0.5,stratified,GAT,111125.0,65.86855597830171,5124.5,51.79768334587948,0.8266608704716731,0.0002143060408305858,903.75,3.095695936834452,5.6701933272475555,0.04305873311559818,0.5985347113916915,0.007079718691195225,0.008466845726370407,0.0001689133448716607,43.37332618569194,0.4283385110469605,7436.5,51.79768334587948,303525.0,65.86855597830171,0.40796911073959075,0.00412369105532041,0.2679971059930062,0.00015885338472999936,1.1226000471260649,0.029404153420999037,1.6959303138554813,0.020540626322935893,0.47314031887903873,0.012776772361355403
0.5,stratified,GCN,111125.0,65.86855597830171,5124.5,51.79768334587948,0.8266608704716731,0.0002143060408305858,903.75,3.095695936834452,5.6701933272475555,0.04305873311559818,0.5985347113916915,0.007079718691195225,0.008466845726370407,0.0001689133448716607,43.37332618569194,0.4283385110469605,7436.5,51.79768334587948,303525.0,65.86855597830171,0.40796911073959075,0.00412369105532041,0.2679971059930062,0.00015885338472999936,1.1692240342121074,0.060702760466314634,1.850572445692014,0.07626571484165182,0.37194710266300757,0.05173184921841005
0.5,stratified,GraphSAGE,111125.0,65.86855597830171,5124.5,51.79768334587948,0.8266608704716731,0.0002143060408305858,903.75,3.095695936834452,5.6701933272475555,0.04305873311559818,0.5985347113916915,0.007079718691195225,0.008466845726370407,0.0001689133448716607,43.37332618569194,0.4283385110469605,7436.5,51.79768334587948,303525.0,65.86855597830171,0.40796911073959075,0.00412369105532041,0.2679971059930062,0.00015885338472999936,1.0228966894594476,0.011861265841505866,1.540547456270549,0.012745803747015887,0.5652859888235919,0.007186557870086295
0.6,blackhole,GAT,22602.75,81.84283719422244,4089.0,15.405626677721791,0.8599040076923123,0.0020725589581278565,1031.5,13.674794331177344,3.964774423183002,0.06553728420676351,0.258780708554323,0.0054918078463657444,0.0027043888163637356,1.2288230003826875e-05,11.05540817726451,0.018097781438390272,8472.0,15.405626677721791,392047.25,81.84283719422244,0.32553140673513253,0.0012264649850905005,0.05451043048354034,0.00019737811936385426,0.8463855668895902,0.07520811705001013,1.3326729906897836,0.07725931589045912,0.6738843001236561,0.038697741983445944
0.6,blackhole,GCN,22602.75,81.84283719422244,4089.0,15.405626677721791,0.8599040076923123,0.0020725589581278565,1031.5,13.674794331177344,3.964774423183002,0.06553728420676351,0.258780708554323,0.0054918078463657444,0.0027043888163637356,1.2288230003826875e-05,11.05540817726451,0.018097781438390272,8472.0,15.405626677721791,392047.25,81.84283719422244,0.32553140673513253,0.0012264649850905005,0.05451043048354034,0.00019737811936385426,1.2220682753144447,0.03358113092055894,1.8055915559501359,0.06099063279523037,0.40235718855348546,0.040571713521592424
0.6,blackhole,GraphSAGE,22602.75,81.84283719422244,4089.0,15.405626677721791,0.8599040076923123,0.0020725589581278565,1031.5,13.674794331177344,3.964774423183002,0.06553728420676351,0.258780708554323,0.0054918078463657444,0.0027043888163637356,1.2288230003826875e-05,11.05540817726451,0.018097781438390272,8472.0,15.405626677721791,392047.25,81.84283719422244,0.32553140673513253,0.0012264649850905005,0.05451043048354034,0.00019737811936385426,0.7930584636966697,0.026600252646816303,1.2058337023932193,0.02646535169341362,0.7335824140101026,0.011583800931957978
0.6,kcenter,GAT,82930.0,0.0,3964.0,0.0,0.8102113259451489,0.0,911.0,0.0,4.3512623490669595,0.0,0.6110102550070228,0.0,0.010558055555767743,0.0,41.84157416750757,0.0,8597.0,0.0,331720.0,0.0,0.3155799697476316,0.0,0.2,0.0,1.0898584585617366,0.015885741432066575,1.647189975150408,0.001325761321139975,0.5030430461096576,0.0008000163785655243
0.6,kcenter,GCN,82930.0,0.0,3964.0,0.0,0.8102113259451489,0.0,911.0,0.0,4.3512623490669595,0.0,0.6110102550070228,0.0,0.010558055555767743,0.0,41.84157416750757,0.0,8597.0,0.0,331720.0,0.0,0.3155799697476316,0.0,0.2,0.0,1.138976493392403,0.018421563278701068,1.763598110349841,0.01464789221429135,0.43029123811103753,0.009434891265881295
0.6,kcenter,GraphSAGE,82930.0,0.0,3964.0,0.0,0.8102113259451489,0.0,911.0,0.0,4.3512623490669595,0.0,0.6110102550070228,0.0,0.010558055555767743,0.0,41.84157416750757,0.0,8597.0,0.0,331720.0,0.0,0.3155799697476316,0.0,0.2,0.0,1.0630658793652068,0.015451376171030958,1.6014042540596565,0.00740439407896966,0.5302788676723662,0.004342622155256708
0.6,pagerank,GAT,86498.0,12.0,3967.0,0.0,0.8112948835374509,2.18357051319229e-05,902.0,0.0,4.398004434589801,0.0,0.6133862288575819,1.3068426779672128e-05,0.010995656170466358,1.5254442188904552e-06,43.608772372069566,0.006049911772119997,8594.0,0.0,328152.0,12.0,0.3158188042353316,0.0,0.2086048474617147,2.894006993850451e-05,1.1127529216864502,0.01444887810525014,1.6582500964162634,0.019929217882086854,0.4962926520080446,0.012115888951897679
0.6,pagerank,GCN,86498.0,12.0,3967.0,0.0,0.8112948835374509,2.18357051319229e-05,902.0,0.0,4.398004434589801,0.0,0.6133862288575819,1.3068426779672128e-05,0.010995656170466358,1.5254442188904552e-06,43.608772372069566,0.006049911772119997,8594.0,0.0,328152.0,12.0,0.3158188042353316,0.0,0.2086048474617147,2.894006993850451e-05,1.1612070348331383,0.05463321336001376,1.7847931952619471,0.06243397613251693,0.41601004532135905,0.04074815861158027
0.6,pagerank,GraphSAGE,86498.0,12.0,3967.0,0.0,0.8112948835374509,2.18357051319229e-05,902.0,0.0,4.398004434589801,0.0,0.6133862288575819,1.3068426779672128e-05,0.010995656170466358,1.5254442188904552e-06,43.608772372069566,0.006049911772119997,8594.0,0.0,328152.0,12.0,0.3158188042353316,0.0,0.2086048474617147,2.894006993850451e-05,1.0770312808697624,0.005928981330050942,1.618521351828738,0.005407527182651332,0.5201873629146396,0.0032071711857683486
0.6,stratified,GAT,79427.0,47.54646849837185,4002.0,33.85262175962151,0.8124822579659232,0.00023511766136617596,904.5,2.0816659994661326,4.424508067238007,0.029532230025884936,0.5660399518474966,0.004767274448998819,0.009922471374318627,0.00016307130313864874,39.695669753433116,0.31836089841897197,8559.0,33.85262175962151,335223.0,47.54646849837185,0.31860520659183184,0.00269505785842063,0.1915519112504522,0.00011466651030597447,1.1160631936896874,0.033508069896817434,1.659928497682406,0.02859321353709892,0.49521483945244477,0.0173859644291774
0.6,stratified,GCN,79427.0,47.54646849837185,4002.0,33.85262175962151,0.8124822579659232,0.00023511766136617596,904.5,2.0816659994661326,4.424508067238007,0.029532230025884936,0.5660399518474966,0.004767274448998819,0.009922471374318627,0.00016307130313864874,39.695669753433116,0.31836089841897197,8559.0,33.85262175962151,335223.0,47.54646849837185,0.31860520659183184,0.00269505785842063,0.1915519112504522,0.00011466651030597447,1.127335877538559,0.060954505728915705,1.7530237706849752,0.05429140630912429,0.4367267939014562,0.03528983504793662
0.6,stratified,GraphSAGE,79427.0,47.54646849837185,4002.0,33.85262175962151,0.8124822579659232,0.00023511766136617596,904.5,2.0816659994661326,4.424508067238007,0.029532230025884936,0.5660399518474966,0.004767274448998819,0.009922471374318627,0.00016307130313864874,39.695669753433116,0.31836089841897197,8559.0,33.85262175962151,335223.0,47.54646849837185,0.31860520659183184,0.00269505785842063,0.1915519112504522,0.00011466651030597447,1.0825257605134972,0.015593064518446645,1.6110359554763607,0.00657115455227487,0.5246132581484918,0.003876051377867571
0.7,blackhole,GAT,9648.25,53.33151038551224,2955.25,20.79062288629179,0.8643942188272863,0.0018568347086929044,1015.25,10.1447851956888,2.9111139458180104,0.03952175133398677,0.20448466206292462,0.002392673140446678,0.0022103981965802006,2.5928060312117076e-05,6.529695496120382,0.038005572668071676,9605.75,20.79062288629179,405001.75,53.33151038551224,0.23527187325849855,0.001655172588670627,0.02326841914867961,0.00012861813670689049,0.9524326228204572,0.09455065193552338,1.4442240763888219,0.09512738512519486,0.6167243798106803,0.05184526723785999
0.7,blackhole,GCN,9648.25,53.33151038551224,2955.25,20.79062288629179,0.8643942188272863,0.0018568347086929044,1015.25,10.1447851956888,2.9111139458180104,0.03952175133398677,0.20448466206292462,0.002392673140446678,0.0022103981965802006,2.5928060312117076e-05,6.529695496120382,0.038005572668071676,9605.75,20.79062288629179,405001.75,53.33151038551224,0.23527187325849855,0.001655172588670627,0.02326841914867961,0.00012861813670689049,1.2336591233311784,0.0064075723706655515,1.8032672180634244,0.022853778464955683,0.4043328241655377,0.015027641593812877
0.7,blackhole,GraphSAGE,9648.25,53.33151038551224,2955.25,20.79062288629179,0.8643942188272863,0.0018568347086929044,1015.25,10.1447851956888,2.9111139458180104,0.03952175133398677,0.20448466206292462,0.002392673140446678,0.0022103981965802006,2.5928060312117076e-05,6.529695496120382,0.038005572668071676,9605.75,20.79062288629179,405001.75,53.33151038551224,0.23527187325849855,0.001655172588670627,0.02326841914867961,0.00012861813670689049,0.77433932132803,0.04198852646427733,1.18093394589442,0.040792571830655676,0.7443352417326141,0.017414919103830896
0.7,kcenter,GAT,47934.0,0.0,2906.0,0.0,0.7909170291879597,0.0,896.0,0.0,3.2433035714285716,0.0,0.5044704031705151,0.0,0.011356170922999835,0.0,32.98967653131452,0.0,9655.0,0.0,366716.0,0.0,0.23135100708542314,0.0,0.11560110936934764,0.0,1.0964763979455934,0.08190470226097026,1.650577886716205,0.0667521637368695,0.5003848204147272,0.04116168841524187
0.7,kcenter,GCN,47934.0,0.0,2906.0,0.0,0.7909170291879597,0.0,896.0,0.0,3.2433035714285716,0.0,0.5044704031705151,0.0,0.011356170922999835,0.0,32.98967653131452,0.0,9655.0,0.0,366716.0,0.0,0.23135100708542314,0.0,0.11560110936934764,0.0,1.2488849396478796,0.016396296199717823,1.8750629640766805,0.01457488758480857,0.35600488779748185,0.009992150215495954
0.7,kcenter,GraphSAGE,47934.0,0.0,2906.0,0.0,0.7909170291879597,0.0,896.0,0.0,3.2433035714285716,0.0,0.5044704031705151,0.0,0.011356170922999835,0.0,32.98967653131452,0.0,9655.0,0.0,366716.0,0.0,0.23135100708542314,0.0,0.11560110936934764,0.0,1.0397639845578293,0.003949258869222867,1.58212191917999,0.010207215998261687,0.5415155272751091,0.005924779928833762
0.7,pagerank,GAT,76461.0,0.0,2906.0,0.0,0.5885815910676482,0.0003427227355207757,13.5,0.5773502691896257,215.55494505494505,9.21857078167611,0.21066165699052078,0.0005634118918198205,0.01811457806449473,0.0,52.62284927735719,0.0,9655.0,0.0,338189.0,0.0,0.23135100708542314,0.0,0.18439889063065235,0.0,2.0222924741396295,0.05082989784103516,2.457011776532765,0.04433823220733502,-0.10599130352266983,0.039919486567426284
0.7,pagerank,GCN,76461.0,0.0,2906.0,0.0,0.5885815910676482,0.0003427227355207757,13.5,0.5773502691896257,215.55494505494505,9.21857078167611,0.21066165699052078,0.0005634118918198205,0.01811457806449473,0.0,52.62284927735719,0.0,9655.0,0.0,338189.0,0.0,0.23135100708542314,0.0,0.18439889063065235,0.0,1.6257764506815513,0.021703232846650766,2.2438466493041296,0.017504647536654462,0.07777402994049545,0.014410272579112251
0.7,pagerank,GraphSAGE,76461.0,0.0,2906.0,0.0,0.5885815910676482,0.0003427227355207757,13.5,0.5773502691896257,215.55494505494505,9.21857078167611,0.21066165699052078,0.0005634118918198205,0.01811457806449473,0.0,52.62284927735719,0.0,9655.0,0.0,338189.0,0.0,0.23135100708542314,0.0,0.18439889063065235,0.0,1.842753294969031,0.015232759976109523,2.2989540408789404,0.019296346758273467,0.03191229293619277,0.01625290462282197
0.7,stratified,GAT,47010.0,19.407902170679517,2915.5,8.582928793055823,0.7914560410848609,9.654430969308386e-05,896.0,0.0,3.25390625,0.009579161599392585,0.491976407971159,0.0024428927601310322,0.01106500780337593,6.596247433403146e-05,32.24854164823629,0.09770674548560747,9645.5,8.582928793055823,367640.0,19.407902170679517,0.23210731629647322,0.0006832998004184237,0.11337272398408296,4.680550384825408e-05,1.068201880654403,0.007396554413528958,1.6363730370071907,0.010871514215847628,0.5095325547962877,0.006523780299720723
0.7,stratified,GCN,47010.0,19.407902170679517,2915.5,8.582928793055823,0.7914560410848609,9.654430969308386e-05,896.0,0.0,3.25390625,0.009579161599392585,0.491976407971159,0.0024428927601310322,0.01106500780337593,6.596247433403146e-05,32.24854164823629,0.09770674548560747,9645.5,8.582928793055823,367640.0,19.407902170679517,0.23210731629647322,0.0006832998004184237,0.11337272398408296,4.680550384825408e-05,1.2456295305348237,0.026542225264716928,1.8711751256973652,0.01899122791510831,0.35865221042372586,0.012969192092174843
0.7,stratified,GraphSAGE,47010.0,19.407902170679517,2915.5,8.582928793055823,0.7914560410848609,9.654430969308386e-05,896.0,0.0,3.25390625,0.009579161599392585,0.491976407971159,0.0024428927601310322,0.01106500780337593,6.596247433403146e-05,32.24854164823629,0.09770674548560747,9645.5,8.582928793055823,367640.0,19.407902170679517,0.23210731629647322,0.0006832998004184237,0.11337272398408296,4.680550384825408e-05,1.0468969495647116,0.013024629245847477,1.5764932421777054,0.015296864645051094,0.5447540692779494,0.008876429618122081
0.8,blackhole,GAT,2454.25,26.004807247891687,1942.25,15.152007567755943,0.8430532312863616,0.0058460718009343314,1005.5,3.3166247903554,1.931664059665378,0.0195831333359055,0.10848024219505961,0.0023155729863056805,0.001301933248669812,1.6142754872632673e-05,2.527242517281305,0.021250833531350582,10618.75,15.152007567755943,412195.75,26.004807247891687,0.15462542791179046,0.001206273988357288,0.00591884722054745,6.271507837427172e-05,0.9063544770152209,0.050708297030371545,1.3677938025337477,0.04759887847339102,0.6570216398834952,0.023665666068833715
0.8,blackhole,GCN,2454.25,26.004807247891687,1942.25,15.152007567755943,0.8430532312863616,0.0058460718009343314,1005.5,3.3166247903554,1.931664059665378,0.0195831333359055,0.10848024219505961,0.0023155729863056805,0.001301933248669812,1.6142754872632673e-05,2.527242517281305,0.021250833531350582,10618.75,15.152007567755943,412195.75,26.004807247891687,0.15462542791179046,0.001206273988357288,0.00591884722054745,6.271507837427172e-05,1.1737099285347106,0.06123608339686042,1.6962945445962359,0.08179309125748054,0.47205295210817216,0.05093137268979828
0.8,blackhole,GraphSAGE,2454.25,26.004807247891687,1942.25,15.152007567755943,0.8430532312863616,0.0058460718009343314,1005.5,3.3166247903554,1.931664059665378,0.0195831333359055,0.10848024219505961,0.0023155729863056805,0.001301933248669812,1.6142754872632673e-05,2.527242517281305,0.021250833531350582,10618.75,15.152007567755943,412195.75,26.004807247891687,0.15462542791179046,0.001206273988357288,0.00591884722054745,6.271507837427172e-05,0.7575867387718653,0.06689918155270096,1.170889617844309,0.07562277243012346,0.7481049375288534,0.031419535456622495
0.8,kcenter,GAT,16805.0,0.0,1923.0,0.0,0.7617015989417467,0.0,904.0,0.0,2.127212389380531,0.0,0.36816802988958,0.0,0.009093599956277128,0.0,17.47789911596464,0.0,10638.0,0.0,397845.0,0.0,0.1530929066157153,0.0,0.040528156276377666,0.0,1.1229488474853604,0.03670623164152135,1.6860194386050877,0.041171851063820354,0.47910459825168983,0.02516394828133445
0.8,kcenter,GCN,16805.0,0.0,1923.0,0.0,0.7617015989417467,0.0,904.0,0.0,2.127212389380531,0.0,0.36816802988958,0.0,0.009093599956277128,0.0,17.47789911596464,0.0,10638.0,0.0,397845.0,0.0,0.1530929066157153,0.0,0.040528156276377666,0.0,1.2444328161520004,0.013670553222303285,1.8513084140386573,0.012680358107643258,0.37222500869403197,0.008595716535133574
0.8,kcenter,GraphSAGE,16805.0,0.0,1923.0,0.0,0.7617015989417467,0.0,904.0,0.0,2.127212389380531,0.0,0.36816802988958,0.0,0.009093599956277128,0.0,17.47789911596464,0.0,10638.0,0.0,397845.0,0.0,0.1530929066157153,0.0,0.040528156276377666,0.0,1.0303537142272217,0.003867674369808175,1.5225088572245786,0.008383295072662113,0.5754188480425602,0.004673245330709571
0.8,pagerank,GAT,66124.0,0.0,1923.0,0.0,0.29680276482215495,0.0034379967832892907,9.25,0.9574271077563381,209.66041666666666,22.8196100031189,0.10141629787709541,0.00022337740654050626,0.03578132719481516,0.0,68.77171086843474,0.0,10638.0,0.0,348526.0,0.0,0.1530929066157153,0.0,0.15946943205112746,0.0,2.128140770938205,0.1455652114196952,2.5459390660610204,0.12343478987172991,-0.189302019739851,0.11264117397037918
0.8,pagerank,GCN,66124.0,0.0,1923.0,0.0,0.29680276482215495,0.0034379967832892907,9.25,0.9574271077563381,209.66041666666666,22.8196100031189,0.10141629787709541,0.00022337740654050626,0.03578132719481516,0.0,68.77171086843474,0.0,10638.0,0.0,348526.0,0.0,0.1530929066157153,0.0,0.15946943205112746,0.0,1.7355228947490169,0.03485968413131142,2.290363280522775,0.023612015243321013,0.03910807987840448,0.019804176909392873
0.8,pagerank,GraphSAGE,66124.0,0.0,1923.0,0.0,0.29680276482215495,0.0034379967832892907,9.25,0.9574271077563381,209.66041666666666,22.8196100031189,0.10141629787709541,0.00022337740654050626,0.03578132719481516,0.0,68.77171086843474,0.0,10638.0,0.0,348526.0,0.0,0.1530929066157153,0.0,0.15946943205112746,0.0,1.9157880922193202,0.014004648752682727,2.3522928195031563,0.011126353703878246,-0.013494119268083304,0.009579671235049499
0.8,stratified,GAT,36055.0,0.0,1923.0,0.0,0.49039971539165866,0.0036704960515585514,9.75,1.5,200.91950757575756,32.050919695252496,0.14856457023645087,0.0005982233458875284,0.019510249712798085,0.0,37.49869994799792,0.0,10638.0,0.0,378595.0,0.0,0.1530929066157153,0.0,0.08695285180272519,0.0,2.034231332318294,0.1037190355497844,2.501688955964859,0.08751232903050127,-0.14735074417563854,0.08023146415338607
0.8,stratified,GCN,36055.0,0.0,1923.0,0.0,0.49039971539165866,0.0036704960515585514,9.75,1.5,200.91950757575756,32.050919695252496,0.14856457023645087,0.0005982233458875284,0.019510249712798085,0.0,37.49869994799792,0.0,10638.0,0.0,378595.0,0.0,0.1530929066157153,0.0,0.08695285180272519,0.0,1.6938269858645583,0.06113750227220656,2.2945733779548068,0.017544984780164575,0.03560683389389918,0.014697596988468646
0.8,stratified,GraphSAGE,36055.0,0.0,1923.0,0.0,0.49039971539165866,0.0036704960515585514,9.75,1.5,200.91950757575756,32.050919695252496,0.14856457023645087,0.0005982233458875284,0.019510249712798085,0.0,37.49869994799792,0.0,10638.0,0.0,378595.0,0.0,0.1530929066157153,0.0,0.08695285180272519,0.0,1.7682740701055568,0.024626598144118224,2.2488573952018833,0.02319430454227281,0.07361895391654638,0.01901369567791812
0.9,blackhole,GAT,1206.75,14.637281168304447,1793.75,13.62289739127963,0.9149082535314157,0.0054280172635981,1044.75,5.315072906367325,1.7169987153989683,0.021542799309731225,0.05173192524171672,0.0012323257194482766,0.0007505397127181509,6.740403689374203e-06,1.3454884422691955,0.010011280716862424,10767.25,13.62289739127963,413443.25,14.637281168304447,0.1428031207706393,0.0010845392398120862,0.002910285783190643,3.530032839335449e-05,0.8938023299823248,0.04745226074555515,1.376069877553932,0.05364149215836666,0.652778323061602,0.026863365248616964
0.9,blackhole,GCN,1206.75,14.637281168304447,1793.75,13.62289739127963,0.9149082535314157,0.0054280172635981,1044.75,5.315072906367325,1.7169987153989683,0.021542799309731225,0.05173192524171672,0.0012323257194482766,0.0007505397127181509,6.740403689374203e-06,1.3454884422691955,0.010011280716862424,10767.25,13.62289739127963,413443.25,14.637281168304447,0.1428031207706393,0.0010845392398120862,0.002910285783190643,3.530032839335449e-05,1.0054106780797984,0.027108681962457276,1.5093058686527463,0.028810629318291262,0.5826462015562489,0.015806205506214033
0.9,blackhole,GraphSAGE,1206.75,14.637281168304447,1793.75,13.62289739127963,0.9149082535314157,0.0054280172635981,1044.75,5.315072906367325,1.7169987153989683,0.021542799309731225,0.05173192524171672,0.0012323257194482766,0.0007505397127181509,6.740403689374203e-06,1.3454884422691955,0.010011280716862424,10767.25,13.62289739127963,413443.25,14.637281168304447,0.1428031207706393,0.0010845392398120862,0.002910285783190643,3.530032839335449e-05,0.7457821836017897,0.028175878726170975,1.1814455342269081,0.022218066280822197,0.744274657421603,0.009549425577186486
0.9,kcenter,GAT,11471.0,0.0,1780.0,0.0,0.7425012437388615,0.0,904.0,0.0,1.9690265486725664,0.0,0.3239995780275036,0.0,0.007244948872930759,0.0,12.88876404494382,0.0,10781.0,0.0,403179.0,0.0,0.14170846270201418,0.0,0.027664295188713373,0.0,1.0857535449125413,0.048239111814974305,1.6491928628507009,0.056181440580515975,0.5014004226545273,0.03345437139090966
0.9,kcenter,GCN,11471.0,0.0,1780.0,0.0,0.7425012437388615,0.0,904.0,0.0,1.9690265486725664,0.0,0.3239995780275036,0.0,0.007244948872930759,0.0,12.88876404494382,0.0,10781.0,0.0,403179.0,0.0,0.14170846270201418,0.0,0.027664295188713373,0.0,1.211713682230052,0.012088483557751092,1.7998772574568123,0.025368429020004107,0.4065533802782155,0.01682730843506589
0.9,kcenter,GraphSAGE,11471.0,0.0,1780.0,0.0,0.7425012437388615,0.0,904.0,0.0,1.9690265486725664,0.0,0.3239995780275036,0.0,0.007244948872930759,0.0,12.88876404494382,0.0,10781.0,0.0,403179.0,0.0,0.14170846270201418,0.0,0.027664295188713373,0.0,1.0144330700217976,0.00618804163610688,1.5034471604382413,0.00925130422537075,0.5859814010236318,0.005094407364447382
0.9,pagerank,GAT,29993.0,0.0,1780.0,0.0,0.42035693014520775,0.0043296958415524394,8.25,0.5,216.31944444444446,12.361111111111114,0.11913894090570827,0.0005234991199929707,0.018943226531759415,0.0,33.7,0.0,10781.0,0.0,384657.0,0.0,0.14170846270201418,0.0,0.07233329313879175,0.0,2.0874166122126963,0.046501193751381384,2.529178458127869,0.03530398438145945,-0.17180025623361755,0.03274994811406389
0.9,pagerank,GCN,29993.0,0.0,1780.0,0.0,0.42035693014520775,0.0043296958415524394,8.25,0.5,216.31944444444446,12.361111111111114,0.11913894090570827,0.0005234991199929707,0.018943226531759415,0.0,33.7,0.0,10781.0,0.0,384657.0,0.0,0.14170846270201418,0.0,0.07233329313879175,0.0,1.693618438930073,0.018348108730292752,2.287514636098213,0.01442306073310617,0.04154463721828339,0.012106809647968083
0.9,pagerank,GraphSAGE,29993.0,0.0,1780.0,0.0,0.42035693014520775,0.0043296958415524394,8.25,0.5,216.31944444444446,12.361111111111114,0.11913894090570827,0.0005234991199929707,0.018943226531759415,0.0,33.7,0.0,10781.0,0.0,384657.0,0.0,0.14170846270201418,0.0,0.07233329313879175,0.0,1.771645385158145,0.020473286717370417,2.245050947656116,0.009402682867836935,0.07681381787527772,0.007739345949158498
0.9,stratified,GAT,12887.0,0.0,1780.0,0.0,0.7377133293439354,0.0006693462108296738,157.25,7.088723439378913,11.336624338063302,0.5049974260392471,0.26683537137652,0.0020831164747875373,0.008139277841989251,0.0,14.479775280898876,0.0,10781.0,0.0,401763.0,0.0,0.14170846270201418,0.0,0.03107922344145665,0.0,1.4882884241239458,0.07805493954475787,2.0509118528129267,0.07938476418634363,0.22871852051267041,0.060663241657821304
0.9,stratified,GCN,12887.0,0.0,1780.0,0.0,0.7377133293439354,0.0006693462108296738,157.25,7.088723439378913,11.336624338063302,0.5049974260392471,0.26683537137652,0.0020831164747875373,0.008139277841989251,0.0,14.479775280898876,0.0,10781.0,0.0,401763.0,0.0,0.14170846270201418,0.0,0.03107922344145665,0.0,1.426160465365677,0.03327656668344248,2.0791512481829235,0.02152072008154021,0.20815853097648443,0.016463882861022353
0.9,stratified,GraphSAGE,12887.0,0.0,1780.0,0.0,0.7377133293439354,0.0006693462108296738,157.25,7.088723439378913,11.336624338063302,0.5049974260392471,0.26683537137652,0.0020831164747875373,0.008139277841989251,0.0,14.479775280898876,0.0,10781.0,0.0,401763.0,0.0,0.14170846270201418,0.0,0.03107922344145665,0.0,1.3736759661899842,0.03982746191039816,1.9015182198642302,0.029270480828671248,0.3376167598418204,0.02044480397147632
