Model,Method,Threshold,Run,Graph_Build_s,Graph_Construct_s,Train_Time_s,Peak_Memory_Spars_MB,Peak_Memory_Train_MB,Overall_Peak_Memory_MB,Num_Nodes,Num_Edges
GAT,baseline_raw,0.0,0,4e-06,0.0,120.788201,0.0,27.363,27.363,12561,414650
GAT,baseline_raw,0.0,1,4e-06,0.0,126.556621,0.0,27.361,27.361,12561,414650
GAT,baseline_raw,0.0,2,5e-06,0.0,146.628919,0.0,27.361,27.361,12561,414650
GCN,baseline_raw,0.0,0,5e-06,0.0,10.024463,0.0,27.361,27.361,12561,414650
GCN,baseline_raw,0.0,1,4e-06,0.0,10.00562,0.0,27.361,27.361,12561,414650
GCN,baseline_raw,0.0,2,5e-06,0.0,9.595604,0.0,27.361,27.361,12561,414650
GraphSAGE,baseline_raw,0.0,0,4e-06,0.0,14.97983,0.0,27.361,27.361,12561,414650
GraphSAGE,baseline_raw,0.0,1,5e-06,0.0,12.932039,0.0,27.361,27.361,12561,414650
GraphSAGE,baseline_raw,0.0,2,4e-06,0.0,15.437894,0.0,27.361,27.361,12561,414650
GAT,baseline_raw,0.0,0,4e-06,0.0,137.738932,0.0,27.363,27.363,12561,414650
GAT,baseline_raw,0.0,1,4e-06,0.0,135.901826,0.0,27.361,27.361,12561,414650
GAT,baseline_raw,0.0,2,5e-06,0.0,109.130346,0.0,27.361,27.361,12561,414650
GCN,baseline_raw,0.0,0,5e-06,0.0,6.312853,0.0,27.361,27.361,12561,414650
GCN,baseline_raw,0.0,1,4e-06,0.0,8.861034,0.0,27.361,27.361,12561,414650
GCN,baseline_raw,0.0,2,4e-06,0.0,7.619922,0.0,27.361,27.361,12561,414650
GraphSAGE,baseline_raw,0.0,0,5e-06,0.0,18.059756,0.0,27.361,27.361,12561,414650
GraphSAGE,baseline_raw,0.0,1,5e-06,0.0,9.257514,0.0,27.361,27.361,12561,414650
GraphSAGE,baseline_raw,0.0,2,4e-06,0.0,11.803918,0.0,27.361,27.361,12561,414650
GAT,blackhole,0.0,0,5e-06,34.174001,84.89935,218.763,13.79,218.763,11072,195851
GAT,blackhole,0.0,1,6e-06,34.379374,95.729799,218.697,13.79,218.697,11072,195851
GAT,blackhole,0.0,2,5e-06,33.990929,65.09879,218.684,13.79,218.684,11072,195851
GCN,blackhole,0.0,0,4e-06,34.017537,5.603187,218.69,13.79,218.69,11072,195851
GCN,blackhole,0.0,1,5e-06,33.845662,5.892169,218.694,13.79,218.694,11072,195851
GCN,blackhole,0.0,2,5e-06,33.832185,5.733005,218.699,13.79,218.699,11072,195851
GraphSAGE,blackhole,0.0,0,4e-06,33.967661,7.876327,218.704,13.79,218.704,11072,195851
GraphSAGE,blackhole,0.0,1,4e-06,34.02319,7.599894,218.671,13.79,218.671,11072,195851
GraphSAGE,blackhole,0.0,2,4e-06,33.714504,6.399099,218.675,13.79,218.675,11072,195851
GAT,blackhole,0.1,0,5e-06,32.080209,39.397059,185.899,11.118,185.899,9955,165481
GAT,blackhole,0.1,1,5e-06,32.005078,48.783609,185.902,11.118,185.902,9955,165481
GAT,blackhole,0.1,2,4e-06,32.380737,81.017569,185.907,11.118,185.907,9955,165481
GCN,blackhole,0.1,0,4e-06,32.23471,4.669518,185.912,11.117,185.912,9955,165481
GCN,blackhole,0.1,1,3e-06,32.227404,4.505853,185.916,11.118,185.916,9955,165481
GCN,blackhole,0.1,2,5e-06,33.541655,4.041092,185.921,11.118,185.921,9955,165481
GraphSAGE,blackhole,0.1,0,4e-06,32.709589,7.464922,185.888,11.118,185.888,9955,165481
GraphSAGE,blackhole,0.1,1,4e-06,32.53766,5.471521,185.892,11.118,185.892,9955,165481
GraphSAGE,blackhole,0.1,2,6e-06,32.849124,6.000732,185.897,11.118,185.897,9955,165481
GAT,blackhole,0.2,0,5e-06,31.228845,48.548688,156.848,9.214,156.848,8834,135962
GAT,blackhole,0.2,1,5e-06,31.029429,38.092391,156.851,9.214,156.851,8834,135962
GAT,blackhole,0.2,2,6e-06,30.913857,39.952346,156.856,9.214,156.856,8834,135962
GCN,blackhole,0.2,0,5e-06,30.600542,3.363097,156.861,9.214,156.861,8834,135962
GCN,blackhole,0.2,1,5e-06,31.375922,2.827304,156.865,9.214,156.865,8834,135962
GCN,blackhole,0.2,2,4e-06,30.583161,2.592057,156.832,9.214,156.832,8834,135962
GraphSAGE,blackhole,0.2,0,5e-06,30.644421,5.342553,156.837,9.214,156.837,8834,135962
GraphSAGE,blackhole,0.2,1,5e-06,30.787394,6.38338,156.842,9.214,156.842,8834,135962
GraphSAGE,blackhole,0.2,2,4e-06,30.6978,6.854835,156.847,9.214,156.847,8834,135962
GAT,blackhole,0.3,0,1.2e-05,28.102967,45.755523,132.221,6.86,132.221,7535,97684
GAT,blackhole,0.3,1,4e-06,28.033993,20.179131,132.226,6.86,132.226,7535,97684
GAT,blackhole,0.3,2,5e-06,27.959492,14.691347,132.231,6.86,132.231,7535,97684
GCN,blackhole,0.3,0,4e-06,28.213172,4.029954,132.235,6.86,132.235,7535,97684
GCN,blackhole,0.3,1,5e-06,28.63337,1.832455,132.202,6.86,132.202,7535,97684
GCN,blackhole,0.3,2,4e-06,28.084287,2.696796,132.207,6.86,132.207,7535,97684
GraphSAGE,blackhole,0.3,0,4e-06,28.043587,4.361056,132.212,6.86,132.212,7535,97684
GraphSAGE,blackhole,0.3,1,4e-06,28.112563,3.737641,132.217,6.86,132.217,7535,97684
GraphSAGE,blackhole,0.3,2,4e-06,28.146093,3.525983,132.221,6.86,132.221,7535,97684
GAT,blackhole,0.4,0,5e-06,26.237213,22.370171,114.457,5.013,114.457,6285,67062
GAT,blackhole,0.4,1,5e-06,27.413829,11.631301,114.462,5.013,114.462,6285,67062
GAT,blackhole,0.4,2,5e-06,26.321435,20.996755,114.467,5.013,114.467,6285,67062
GCN,blackhole,0.4,0,4e-06,26.245125,1.384478,114.471,5.013,114.471,6285,67062
GCN,blackhole,0.4,1,4e-06,26.220337,1.668655,114.47,5.013,114.47,6285,67062
GCN,blackhole,0.4,2,4e-06,26.431982,1.311715,114.467,5.013,114.467,6285,67062
GraphSAGE,blackhole,0.4,0,4e-06,26.201663,3.283151,114.461,5.013,114.461,6285,67062
GraphSAGE,blackhole,0.4,1,4e-06,26.9831,2.723085,114.458,5.013,114.458,6285,67062
GraphSAGE,blackhole,0.4,2,5e-06,26.198419,2.998991,114.458,5.013,114.458,6285,67062
GAT,blackhole,0.5,0,4e-06,24.55375,10.96744,114.471,3.027,114.471,5052,41911
GAT,blackhole,0.5,1,4e-06,24.587732,11.402251,114.476,3.027,114.476,5052,41911
GAT,blackhole,0.5,2,4e-06,24.771752,10.188277,114.48,3.027,114.48,5052,41911
GCN,blackhole,0.5,0,4e-06,24.749224,1.095242,114.479,3.027,114.479,5052,41911
GCN,blackhole,0.5,1,4e-06,25.309383,0.890535,114.476,3.027,114.476,5052,41911
GCN,blackhole,0.5,2,4e-06,24.54282,1.043111,114.469,3.027,114.469,5052,41911
GraphSAGE,blackhole,0.5,0,4e-06,24.659402,2.017831,114.467,3.027,114.467,5052,41911
GraphSAGE,blackhole,0.5,1,4e-06,24.626451,1.908472,114.467,3.027,114.467,5052,41911
GraphSAGE,blackhole,0.5,2,4e-06,24.583218,1.969227,114.472,3.027,114.472,5052,41911
GAT,blackhole,0.6,0,4e-06,23.27602,7.015505,114.485,1.847,114.485,3848,22635
GAT,blackhole,0.6,1,4e-06,23.313592,7.528137,114.489,1.847,114.489,3848,22635
GAT,blackhole,0.6,2,4e-06,24.211424,7.059584,114.487,1.847,114.487,3848,22635
GCN,blackhole,0.6,0,4e-06,23.148507,0.667285,114.484,1.847,114.484,3848,22635
GCN,blackhole,0.6,1,4e-06,23.193195,0.486611,114.478,1.847,114.478,3848,22635
GCN,blackhole,0.6,2,5e-06,23.248691,0.655796,114.476,1.847,114.476,3848,22635
GraphSAGE,blackhole,0.6,0,4e-06,23.301354,0.99272,114.476,1.847,114.476,3848,22635
GraphSAGE,blackhole,0.6,1,4e-06,23.265398,0.722783,114.481,1.847,114.481,3848,22635
GraphSAGE,blackhole,0.6,2,5e-06,23.333747,1.05797,114.486,1.847,114.486,3848,22635
GAT,blackhole,0.7,0,5e-06,22.299172,3.25493,114.499,0.832,114.499,2602,9769
GAT,blackhole,0.7,1,5e-06,23.324681,3.715,114.497,0.832,114.497,2602,9769
GAT,blackhole,0.7,2,4e-06,22.339769,3.25721,114.494,0.832,114.494,2602,9769
GCN,blackhole,0.7,0,4e-06,22.448909,0.321587,114.488,0.832,114.488,2602,9769
GCN,blackhole,0.7,1,4e-06,22.303606,0.220548,114.486,0.832,114.486,2602,9769
GCN,blackhole,0.7,2,4e-06,22.302637,0.302143,114.486,0.832,114.486,2602,9769
GraphSAGE,blackhole,0.7,0,4e-06,22.189473,0.451675,114.491,0.832,114.491,2602,9769
GraphSAGE,blackhole,0.7,1,4e-06,22.315339,0.450131,114.496,0.832,114.496,2602,9769
GraphSAGE,blackhole,0.7,2,4e-06,22.249121,0.469922,114.499,0.832,114.499,2602,9769
GAT,blackhole,0.8,0,4e-06,22.339646,1.271943,114.318,0.372,114.318,1420,2439
GAT,blackhole,0.8,1,5e-06,21.504561,1.617972,114.316,0.372,114.316,1420,2439
GAT,blackhole,0.8,2,5e-06,21.702212,1.477815,114.309,0.372,114.309,1420,2439
GCN,blackhole,0.8,0,3e-06,21.550426,0.123528,114.307,0.372,114.307,1420,2439
GCN,blackhole,0.8,1,4e-06,21.452313,0.108235,114.307,0.372,114.307,1420,2439
GCN,blackhole,0.8,2,4e-06,21.59359,0.137855,114.312,0.372,114.312,1420,2439
GraphSAGE,blackhole,0.8,0,3e-06,21.585908,0.205119,114.317,0.372,114.317,1420,2439
GraphSAGE,blackhole,0.8,1,4e-06,21.589187,0.216548,114.32,0.372,114.32,1420,2439
GraphSAGE,blackhole,0.8,2,4e-06,21.783159,0.241553,114.318,0.372,114.318,1420,2439
GAT,blackhole,0.9,0,5e-06,22.229916,1.294362,114.316,0.203,114.316,1276,1194
GAT,blackhole,0.9,1,4e-06,22.057497,1.112479,114.309,0.203,114.309,1276,1194
GAT,blackhole,0.9,2,6e-06,21.683403,1.109408,114.307,0.203,114.307,1276,1194
GCN,blackhole,0.9,0,4e-06,21.37983,0.08902,114.308,0.203,114.308,1276,1194
GCN,blackhole,0.9,1,4e-06,21.408038,0.086036,114.313,0.203,114.313,1276,1194
GCN,blackhole,0.9,2,5e-06,21.486912,0.094758,114.317,0.203,114.317,1276,1194
GraphSAGE,blackhole,0.9,0,4e-06,21.409264,0.118359,114.32,0.203,114.32,1276,1194
GraphSAGE,blackhole,0.9,1,4e-06,21.529698,0.116441,114.318,0.203,114.318,1276,1194
GraphSAGE,blackhole,0.9,2,4e-06,21.867255,0.11067,114.313,0.203,114.313,1276,1194
GAT,stratified,0.0,0,4e-06,59.659861,52.27559,1212.945,18.616,1212.945,12085,274053
GAT,stratified,0.0,1,5e-06,59.51291,81.99679,1212.899,18.616,1212.899,12085,274053
GAT,stratified,0.0,2,5e-06,64.59515,85.411247,1212.899,18.616,1212.899,12085,274053
GCN,stratified,0.0,0,4e-06,61.045457,8.401082,1212.899,18.616,1212.899,12085,274053
GCN,stratified,0.0,1,5e-06,60.019945,6.92917,1212.899,18.616,1212.899,12085,274053
GCN,stratified,0.0,2,6e-06,60.414064,9.048053,1212.899,18.616,1212.899,12085,274053
GraphSAGE,stratified,0.0,0,5e-06,60.78556,10.778342,1212.9,18.616,1212.9,12085,274053
GraphSAGE,stratified,0.0,1,4e-06,59.767205,8.73378,1212.899,18.616,1212.899,12085,274053
GraphSAGE,stratified,0.0,2,5e-06,60.497908,10.871848,1212.9,18.616,1212.9,12085,274053
GAT,stratified,0.1,0,6e-06,55.328381,43.40915,1117.245,16.512,1117.245,10695,255087
GAT,stratified,0.1,1,5e-06,53.864756,82.628054,1117.244,16.512,1117.244,10695,255087
GAT,stratified,0.1,2,5e-06,54.447735,80.419245,1117.245,16.512,1117.245,10695,255087
GCN,stratified,0.1,0,5e-06,53.695861,8.223762,1117.244,16.512,1117.244,10695,255087
GCN,stratified,0.1,1,5e-06,54.342781,5.675769,1117.245,16.512,1117.245,10695,255087
GCN,stratified,0.1,2,5e-06,53.79362,4.889595,1117.244,16.512,1117.244,10695,255087
GraphSAGE,stratified,0.1,0,4e-06,53.879855,7.673657,1117.245,16.512,1117.245,10695,255087
GraphSAGE,stratified,0.1,1,5e-06,53.883577,8.361128,1117.244,16.512,1117.244,10695,255087
GraphSAGE,stratified,0.1,2,5e-06,53.639278,6.08741,1117.244,16.512,1117.244,10695,255087
GAT,stratified,0.2,0,5e-06,48.530273,49.541427,1020.528,15.382,1020.528,9331,234796
GAT,stratified,0.2,1,5e-06,48.516262,43.661859,1020.526,15.382,1020.526,9331,234796
GAT,stratified,0.2,2,5e-06,48.489374,37.158423,1020.526,15.382,1020.526,9331,234796
GCN,stratified,0.2,0,5e-06,49.001551,2.213967,1020.528,15.382,1020.528,9331,234796
GCN,stratified,0.2,1,6e-06,48.218094,2.001446,1020.526,15.382,1020.526,9331,234796
GCN,stratified,0.2,2,4e-06,49.80032,2.83973,1020.526,15.382,1020.526,9331,234796
GraphSAGE,stratified,0.2,0,5e-06,49.288895,7.314285,1020.528,15.382,1020.528,9331,234796
GraphSAGE,stratified,0.2,1,4e-06,49.130535,7.380028,1020.526,15.382,1020.526,9331,234796
GraphSAGE,stratified,0.2,2,5e-06,49.098674,5.976433,1020.526,15.382,1020.526,9331,234796
GAT,stratified,0.3,0,5e-06,43.528892,35.227718,922.808,13.938,922.808,8022,212681
GAT,stratified,0.3,1,5e-06,43.461056,44.042867,922.805,13.938,922.805,8022,212681
GAT,stratified,0.3,2,5e-06,44.021379,43.764772,922.805,13.938,922.805,8022,212681
GCN,stratified,0.3,0,5e-06,43.663088,4.917953,922.806,13.938,922.806,8022,212681
GCN,stratified,0.3,1,6e-06,44.186222,3.686992,922.81,13.938,922.81,8022,212681
GCN,stratified,0.3,2,5e-06,42.857747,3.353491,922.805,13.938,922.805,8022,212681
GraphSAGE,stratified,0.3,0,4e-06,43.052712,6.283123,922.805,13.938,922.805,8022,212681
GraphSAGE,stratified,0.3,1,5e-06,42.909599,4.865983,922.805,13.938,922.805,8022,212681
GraphSAGE,stratified,0.3,2,4e-06,43.863863,4.964465,922.805,13.938,922.805,8022,212681
GAT,stratified,0.4,0,5e-06,36.887957,41.027528,822.67,12.372,822.67,6713,187830
GAT,stratified,0.4,1,4e-06,37.542163,32.685125,822.667,12.372,822.667,6713,187830
GAT,stratified,0.4,2,4e-06,38.479097,27.470042,822.667,12.372,822.667,6713,187830
GCN,stratified,0.4,0,5e-06,37.072448,3.078328,822.667,12.372,822.667,6713,187830
GCN,stratified,0.4,1,5e-06,37.100625,3.087072,822.667,12.372,822.667,6713,187830
GCN,stratified,0.4,2,4e-06,37.246256,4.098072,822.671,12.372,822.671,6713,187830
GraphSAGE,stratified,0.4,0,4e-06,37.553389,7.037321,822.667,12.372,822.667,6713,187830
GraphSAGE,stratified,0.4,1,4e-06,37.004734,5.396321,822.667,12.372,822.667,6713,187830
GraphSAGE,stratified,0.4,2,4e-06,37.059196,5.875865,822.667,12.372,822.667,6713,187830
GAT,stratified,0.5,0,4e-06,32.199264,17.664636,720.455,10.429,720.455,5440,160749
GAT,stratified,0.5,1,4e-06,32.317963,22.059087,720.455,10.429,720.455,5440,160749
GAT,stratified,0.5,2,4e-06,32.285363,21.083087,720.455,10.429,720.455,5440,160749
GCN,stratified,0.5,0,4e-06,32.094788,1.347216,720.455,10.429,720.455,5440,160749
GCN,stratified,0.5,1,5e-06,32.172696,1.548696,720.455,10.429,720.455,5440,160749
GCN,stratified,0.5,2,5e-06,32.526923,1.294154,720.456,10.429,720.456,5440,160749
GraphSAGE,stratified,0.5,0,5e-06,33.226783,4.032281,720.456,10.429,720.456,5440,160749
GraphSAGE,stratified,0.5,1,4e-06,32.113656,4.071352,720.457,10.429,720.457,5440,160749
GraphSAGE,stratified,0.5,2,5e-06,32.243116,3.821886,720.456,10.429,720.456,5440,160749
GAT,stratified,0.6,0,5e-06,26.580715,14.717507,613.587,8.516,613.587,4165,131168
GAT,stratified,0.6,1,4e-06,26.629453,14.933007,613.586,8.516,613.586,4165,131168
GAT,stratified,0.6,2,5e-06,26.793109,19.501336,613.587,8.516,613.587,4165,131168
GCN,stratified,0.6,0,4e-06,26.658793,2.14079,613.586,8.516,613.586,4165,131168
GCN,stratified,0.6,1,5e-06,26.60512,3.288466,613.587,8.516,613.587,4165,131168
GCN,stratified,0.6,2,4e-06,26.693027,3.370024,613.586,8.516,613.586,4165,131168
GraphSAGE,stratified,0.6,0,4e-06,26.730555,3.77532,613.587,8.516,613.587,4165,131168
GraphSAGE,stratified,0.6,1,5e-06,27.682884,2.332331,613.586,8.516,613.586,4165,131168
GraphSAGE,stratified,0.6,2,5e-06,26.576115,4.341046,613.586,8.516,613.586,4165,131168
GAT,stratified,0.7,0,5e-06,20.911232,18.292862,501.258,6.474,501.258,2882,99657
GAT,stratified,0.7,1,4e-06,21.04152,11.721319,501.256,6.474,501.256,2882,99657
GAT,stratified,0.7,2,5e-06,20.99801,10.904501,501.256,6.474,501.256,2882,99657
GCN,stratified,0.7,0,4e-06,20.95043,1.896683,501.258,6.474,501.258,2882,99657
GCN,stratified,0.7,1,5e-06,20.984061,0.863477,501.256,6.474,501.256,2882,99657
GCN,stratified,0.7,2,4e-06,22.347636,1.804277,501.256,6.474,501.256,2882,99657
GraphSAGE,stratified,0.7,0,6e-06,20.882477,2.57413,501.258,6.474,501.258,2882,99657
GraphSAGE,stratified,0.7,1,4e-06,20.944656,2.565143,501.257,6.474,501.257,2882,99657
GraphSAGE,stratified,0.7,2,4e-06,20.965059,1.437137,501.256,6.474,501.256,2882,99657
GAT,stratified,0.8,0,5e-06,15.277267,9.963011,379.689,4.265,379.689,1606,66169
GAT,stratified,0.8,1,4e-06,15.314862,8.017088,379.687,4.265,379.687,1606,66169
GAT,stratified,0.8,2,4e-06,15.290991,11.206009,379.687,4.265,379.687,1606,66169
GCN,stratified,0.8,0,4e-06,15.357189,0.797172,379.687,4.265,379.687,1606,66169
GCN,stratified,0.8,1,4e-06,16.194035,0.801259,379.69,4.265,379.69,1606,66169
GCN,stratified,0.8,2,4e-06,15.217485,0.641629,379.687,4.265,379.687,1606,66169
GraphSAGE,stratified,0.8,0,4e-06,15.419756,1.267903,379.687,4.265,379.687,1606,66169
GraphSAGE,stratified,0.8,1,5e-06,15.260211,2.124978,379.687,4.265,379.687,1606,66169
GraphSAGE,stratified,0.8,2,5e-06,15.30136,1.475323,379.687,4.265,379.687,1606,66169
GAT,stratified,0.9,0,4e-06,9.80337,5.409172,281.731,2.439,281.731,1577,36473
GAT,stratified,0.9,1,4e-06,9.874105,6.60528,281.727,2.439,281.727,1577,36473
GAT,stratified,0.9,2,5e-06,9.784639,6.443186,281.727,2.439,281.727,1577,36473
GCN,stratified,0.9,0,4e-06,10.01546,0.540143,281.729,2.439,281.729,1577,36473
GCN,stratified,0.9,1,4e-06,9.865535,0.757628,281.727,2.439,281.727,1577,36473
GCN,stratified,0.9,2,4e-06,9.813187,0.897827,281.731,2.439,281.731,1577,36473
GraphSAGE,stratified,0.9,0,4e-06,9.835854,1.131887,281.727,2.439,281.727,1577,36473
GraphSAGE,stratified,0.9,1,5e-06,9.901805,1.976411,281.727,2.439,281.727,1577,36473
GraphSAGE,stratified,0.9,2,6e-06,10.524931,0.83849,281.727,2.439,281.727,1577,36473
GAT,pagerank,0.0,0,4e-06,55.887931,73.377975,1054.13,20.89,1054.13,12259,311029
GAT,pagerank,0.0,1,5e-06,56.903492,99.478344,1054.13,20.89,1054.13,12259,311029
GAT,pagerank,0.0,2,5e-06,56.160439,110.37877,1054.129,20.89,1054.129,12259,311029
GCN,pagerank,0.0,0,4e-06,55.887431,7.29781,1054.13,20.89,1054.13,12259,311029
GCN,pagerank,0.0,1,5e-06,57.033721,6.72047,1054.129,20.89,1054.129,12259,311029
GCN,pagerank,0.0,2,5e-06,55.52963,10.344153,1054.13,20.89,1054.13,12259,311029
GraphSAGE,pagerank,0.0,0,5e-06,55.93817,13.687524,1054.129,20.89,1054.129,12259,311029
GraphSAGE,pagerank,0.0,1,5e-06,57.001105,11.512828,1054.13,20.89,1054.13,12259,311029
GraphSAGE,pagerank,0.0,2,5e-06,56.673453,10.35211,1054.129,20.89,1054.129,12259,311029
GAT,pagerank,0.1,0,4e-06,50.10778,98.359677,954.518,19.264,954.518,11042,286030
GAT,pagerank,0.1,1,5e-06,51.345943,63.826106,954.515,19.264,954.515,11042,286030
GAT,pagerank,0.1,2,4e-06,50.561009,75.786925,954.515,19.264,954.515,11042,286030
GCN,pagerank,0.1,0,6e-06,50.517313,7.517492,954.515,19.264,954.515,11042,286030
GCN,pagerank,0.1,1,4e-06,50.526934,7.984613,954.515,19.264,954.515,11042,286030
GCN,pagerank,0.1,2,5e-06,50.953271,6.178551,954.515,19.264,954.515,11042,286030
GraphSAGE,pagerank,0.1,0,4e-06,50.50818,9.982994,954.515,19.264,954.515,11042,286030
GraphSAGE,pagerank,0.1,1,5e-06,50.097222,8.303247,954.515,19.264,954.515,11042,286030
GraphSAGE,pagerank,0.1,2,5e-06,52.555664,9.375122,954.515,19.264,954.515,11042,286030
GAT,pagerank,0.2,0,5e-06,45.202187,47.544789,848.866,16.457,848.866,9770,254651
GAT,pagerank,0.2,1,5e-06,44.669622,64.243998,848.866,16.457,848.866,9770,254651
GAT,pagerank,0.2,2,5e-06,44.690084,47.63172,848.866,16.457,848.866,9770,254651
GCN,pagerank,0.2,0,6e-06,44.831125,3.958332,848.866,16.457,848.866,9770,254651
GCN,pagerank,0.2,1,4e-06,45.865914,7.013595,848.866,16.457,848.866,9770,254651
GCN,pagerank,0.2,2,5e-06,45.071173,3.747023,848.866,16.457,848.866,9770,254651
GraphSAGE,pagerank,0.2,0,5e-06,44.771976,7.099186,848.866,16.457,848.866,9770,254651
GraphSAGE,pagerank,0.2,1,5e-06,44.69659,9.736491,848.866,16.457,848.866,9770,254651
GraphSAGE,pagerank,0.2,2,4e-06,45.694052,10.29747,848.866,16.457,848.866,9770,254651
GAT,pagerank,0.3,0,5e-06,39.026056,39.427538,740.391,14.344,740.391,8551,219953
GAT,pagerank,0.3,1,5e-06,39.170033,32.692728,740.391,14.344,740.391,8551,219953
GAT,pagerank,0.3,2,4e-06,39.18655,46.67579,740.391,14.344,740.391,8551,219953
GCN,pagerank,0.3,0,4e-06,39.024984,4.83254,740.391,14.344,740.391,8551,219953
GCN,pagerank,0.3,1,4e-06,39.004166,5.180471,740.391,14.344,740.391,8551,219953
GCN,pagerank,0.3,2,4e-06,40.138838,5.442497,740.391,14.344,740.391,8551,219953
GraphSAGE,pagerank,0.3,0,5e-06,39.211929,5.883224,740.392,14.344,740.392,8551,219953
GraphSAGE,pagerank,0.3,1,5e-06,38.92435,6.720056,740.391,14.344,740.391,8551,219953
GraphSAGE,pagerank,0.3,2,4e-06,39.100059,6.162928,740.391,14.344,740.391,8551,219953
GAT,pagerank,0.4,0,4e-06,34.092836,70.05868,631.487,12.331,631.487,7291,185415
GAT,pagerank,0.4,1,5e-06,33.650812,32.62434,631.487,12.331,631.487,7291,185415
GAT,pagerank,0.4,2,5e-06,33.379599,42.841896,631.487,12.331,631.487,7291,185415
GCN,pagerank,0.4,0,5e-06,33.551943,4.432381,631.487,12.331,631.487,7291,185415
GCN,pagerank,0.4,1,4e-06,33.470566,4.156416,631.487,12.331,631.487,7291,185415
GCN,pagerank,0.4,2,5e-06,33.432641,4.435503,631.487,12.331,631.487,7291,185415
GraphSAGE,pagerank,0.4,0,3e-06,33.488303,5.524952,631.487,12.331,631.487,7291,185415
GraphSAGE,pagerank,0.4,1,5e-06,33.851837,6.404442,631.487,12.331,631.487,7291,185415
GraphSAGE,pagerank,0.4,2,5e-06,33.301054,4.109111,631.487,12.331,631.487,7291,185415
GAT,pagerank,0.5,0,6e-06,28.270886,28.697378,527.72,10.422,527.72,5871,155481
GAT,pagerank,0.5,1,4e-06,28.029486,46.622111,527.721,10.422,527.721,5871,155481
GAT,pagerank,0.5,2,5e-06,28.349771,28.114233,527.72,10.422,527.72,5871,155481
GCN,pagerank,0.5,0,6e-06,28.127083,2.755267,527.72,10.422,527.72,5871,155481
GCN,pagerank,0.5,1,4e-06,28.196073,3.224311,527.72,10.422,527.72,5871,155481
GCN,pagerank,0.5,2,4e-06,28.03263,3.241322,527.72,10.422,527.72,5871,155481
GraphSAGE,pagerank,0.5,0,5e-06,27.983742,3.935312,527.72,10.422,527.72,5871,155481
GraphSAGE,pagerank,0.5,1,5e-06,29.073859,4.911401,527.721,10.422,527.721,5871,155481
GraphSAGE,pagerank,0.5,2,4e-06,27.987149,3.989764,527.72,10.422,527.72,5871,155481
GAT,pagerank,0.6,0,5e-06,22.376208,19.238995,426.268,8.405,426.268,4343,128978
GAT,pagerank,0.6,1,5e-06,22.493197,20.851278,426.268,8.405,426.268,4343,128978
GAT,pagerank,0.6,2,5e-06,22.46688,14.688698,426.268,8.406,426.268,4343,128978
GCN,pagerank,0.6,0,4e-06,23.556626,2.805796,426.268,8.405,426.268,4343,128978
GCN,pagerank,0.6,1,5e-06,22.323276,2.723981,426.268,8.405,426.268,4343,128978
GCN,pagerank,0.6,2,4e-06,22.469211,2.218538,426.268,8.405,426.268,4343,128978
GraphSAGE,pagerank,0.6,0,4e-06,22.364979,3.964549,426.268,8.405,426.268,4343,128978
GraphSAGE,pagerank,0.6,1,5e-06,22.802408,4.138798,426.268,8.405,426.268,4343,128978
GraphSAGE,pagerank,0.6,2,6e-06,22.49413,4.955707,426.268,8.405,426.268,4343,128978
GAT,pagerank,0.7,0,4e-06,16.972805,9.81571,321.986,6.49,321.986,2950,98890
GAT,pagerank,0.7,1,4e-06,16.986706,13.116425,321.986,6.49,321.986,2950,98890
GAT,pagerank,0.7,2,5e-06,16.99178,11.68413,321.985,6.49,321.985,2950,98890
GCN,pagerank,0.7,0,4e-06,17.023075,1.070571,321.986,6.49,321.986,2950,98890
GCN,pagerank,0.7,1,3e-06,16.921482,1.426525,321.986,6.49,321.986,2950,98890
GCN,pagerank,0.7,2,4e-06,17.024549,0.737747,321.986,6.49,321.986,2950,98890
GraphSAGE,pagerank,0.7,0,4e-06,16.966051,2.743911,321.986,6.49,321.986,2950,98890
GraphSAGE,pagerank,0.7,1,4e-06,17.080546,2.223575,321.986,6.49,321.986,2950,98890
GraphSAGE,pagerank,0.7,2,5e-06,16.986854,1.79938,321.986,6.49,321.986,2950,98890
GAT,pagerank,0.8,0,5e-06,11.159607,10.955108,212.459,4.1,212.459,1670,63045
GAT,pagerank,0.8,1,5e-06,11.313872,13.626886,212.459,4.1,212.459,1670,63045
GAT,pagerank,0.8,2,5e-06,11.440022,7.27573,212.459,4.1,212.459,1670,63045
GCN,pagerank,0.8,0,4e-06,11.319372,0.844011,212.459,4.1,212.459,1670,63045
GCN,pagerank,0.8,1,4e-06,11.214752,0.524112,212.459,4.1,212.459,1670,63045
GCN,pagerank,0.8,2,4e-06,11.150437,0.807199,212.459,4.1,212.459,1670,63045
GraphSAGE,pagerank,0.8,0,4e-06,11.205861,1.10598,212.459,4.1,212.459,1670,63045
GraphSAGE,pagerank,0.8,1,4e-06,11.375247,0.784895,212.459,4.1,212.459,1670,63045
GraphSAGE,pagerank,0.8,2,4e-06,11.247125,1.094829,212.459,4.1,212.459,1670,63045
GAT,pagerank,0.9,0,4e-06,5.767919,5.044345,114.516,2.462,114.516,1638,36491
GAT,pagerank,0.9,1,4e-06,5.820591,7.190826,114.516,2.462,114.516,1638,36491
GAT,pagerank,0.9,2,5e-06,5.757866,5.603858,114.516,2.462,114.516,1638,36491
GCN,pagerank,0.9,0,5e-06,5.750391,0.819436,114.516,2.462,114.516,1638,36491
GCN,pagerank,0.9,1,4e-06,5.808141,0.482268,114.516,2.462,114.516,1638,36491
GCN,pagerank,0.9,2,4e-06,5.804164,0.501559,114.517,2.462,114.517,1638,36491
GraphSAGE,pagerank,0.9,0,5e-06,5.671345,0.805134,114.516,2.462,114.516,1638,36491
GraphSAGE,pagerank,0.9,1,5e-06,5.767938,0.760235,114.516,2.462,114.516,1638,36491
GraphSAGE,pagerank,0.9,2,4e-06,5.799079,0.687124,114.516,2.462,114.516,1638,36491
GAT,kcenter,0.0,0,4e-06,107.701654,41.015174,231.476,14.612,231.476,11634,207325
GAT,kcenter,0.0,1,5e-06,102.182277,81.970521,231.464,14.612,231.464,11634,207325
GAT,kcenter,0.0,2,5e-06,100.860328,45.858543,231.464,14.612,231.464,11634,207325
GCN,kcenter,0.0,0,5e-06,99.484397,5.050104,231.464,14.612,231.464,11634,207325
GCN,kcenter,0.0,1,4e-06,100.520199,4.77562,231.465,14.612,231.465,11634,207325
GCN,kcenter,0.0,2,4e-06,100.18357,8.147862,231.464,14.612,231.464,11634,207325
GraphSAGE,kcenter,0.0,0,6e-06,99.388851,6.038525,231.464,14.612,231.464,11634,207325
GraphSAGE,kcenter,0.0,1,5e-06,100.538555,7.408804,231.464,14.612,231.464,11634,207325
GraphSAGE,kcenter,0.0,2,5e-06,99.309307,7.485095,231.464,14.612,231.464,11634,207325
GAT,kcenter,0.1,0,4e-06,96.995497,71.61567,221.291,12.424,221.291,10146,186593
GAT,kcenter,0.1,1,4e-06,97.465942,43.692257,221.292,12.424,221.292,10146,186593
GAT,kcenter,0.1,2,6e-06,95.601847,67.892766,221.29,12.424,221.29,10146,186593
GCN,kcenter,0.1,0,5e-06,95.685168,4.224294,221.29,12.424,221.29,10146,186593
GCN,kcenter,0.1,1,4e-06,96.643712,4.644316,221.29,12.424,221.29,10146,186593
GCN,kcenter,0.1,2,4e-06,95.94585,4.826132,221.29,12.424,221.29,10146,186593
GraphSAGE,kcenter,0.1,0,4e-06,97.173481,6.255204,221.29,12.424,221.29,10146,186593
GraphSAGE,kcenter,0.1,1,5e-06,95.399932,6.469163,221.29,12.424,221.29,10146,186593
GraphSAGE,kcenter,0.1,2,4e-06,96.845004,9.334401,221.292,12.424,221.292,10146,186593
GAT,kcenter,0.2,0,4e-06,90.446634,35.194256,212.079,11.096,212.079,8730,165860
GAT,kcenter,0.2,1,5e-06,90.386312,45.591489,212.079,11.096,212.079,8730,165860
GAT,kcenter,0.2,2,5e-06,92.432103,38.470359,212.079,11.096,212.079,8730,165860
GCN,kcenter,0.2,0,4e-06,90.249381,3.776441,212.079,11.096,212.079,8730,165860
GCN,kcenter,0.2,1,4e-06,91.599026,3.919233,212.079,11.096,212.079,8730,165860
GCN,kcenter,0.2,2,5e-06,90.504716,4.321318,212.079,11.096,212.079,8730,165860
GraphSAGE,kcenter,0.2,0,5e-06,91.610655,6.784097,212.079,11.096,212.079,8730,165860
GraphSAGE,kcenter,0.2,1,5e-06,90.268152,5.602458,212.081,11.096,212.081,8730,165860
GraphSAGE,kcenter,0.2,2,4e-06,92.30504,4.739836,212.079,11.096,212.079,8730,165860
GAT,kcenter,0.3,0,5e-06,83.042767,25.18341,202.83,9.823,202.83,7343,145128
GAT,kcenter,0.3,1,5e-06,84.583754,38.973927,202.83,9.823,202.83,7343,145128
GAT,kcenter,0.3,2,4e-06,84.338745,31.303834,202.83,9.823,202.83,7343,145128
GCN,kcenter,0.3,0,5e-06,83.220623,4.122771,202.83,9.823,202.83,7343,145128
GCN,kcenter,0.3,1,5e-06,84.112511,3.105398,202.83,9.823,202.83,7343,145128
GCN,kcenter,0.3,2,4e-06,83.533422,3.528073,202.83,9.823,202.83,7343,145128
GraphSAGE,kcenter,0.3,0,4e-06,84.57156,3.952307,202.83,9.823,202.83,7343,145128
GraphSAGE,kcenter,0.3,1,4e-06,83.064545,4.895653,202.832,9.823,202.832,7343,145128
GraphSAGE,kcenter,0.3,2,5e-06,84.182288,4.329134,202.83,9.823,202.83,7343,145128
GAT,kcenter,0.4,0,5e-06,75.840786,25.696246,193.123,8.509,193.123,6027,124395
GAT,kcenter,0.4,1,4e-06,74.074127,21.439058,193.122,8.509,193.122,6027,124395
GAT,kcenter,0.4,2,4e-06,76.246229,36.478763,193.122,8.509,193.122,6027,124395
GCN,kcenter,0.4,0,4e-06,74.704303,2.229267,193.122,8.509,193.122,6027,124395
GCN,kcenter,0.4,1,4e-06,75.739311,2.860006,193.122,8.509,193.122,6027,124395
GCN,kcenter,0.4,2,4e-06,74.493884,2.362285,193.122,8.509,193.122,6027,124395
GraphSAGE,kcenter,0.4,0,5e-06,75.730712,3.182107,193.123,8.509,193.123,6027,124395
GraphSAGE,kcenter,0.4,1,4e-06,74.130257,3.69215,193.122,8.509,193.122,6027,124395
GraphSAGE,kcenter,0.4,2,5e-06,74.228097,4.491977,193.122,8.509,193.122,6027,124395
GAT,kcenter,0.5,0,5e-06,65.889925,27.756487,183.616,6.839,183.616,4750,103663
GAT,kcenter,0.5,1,4e-06,64.802028,26.224554,183.614,6.839,183.614,4750,103663
GAT,kcenter,0.5,2,4e-06,65.992815,24.792723,183.614,6.839,183.614,4750,103663
GCN,kcenter,0.5,0,4e-06,64.8447,1.546382,183.614,6.839,183.614,4750,103663
GCN,kcenter,0.5,1,6e-06,65.716784,1.578495,183.614,6.839,183.614,4750,103663
GCN,kcenter,0.5,2,4e-06,64.64624,2.204811,183.614,6.839,183.614,4750,103663
GraphSAGE,kcenter,0.5,0,5e-06,64.681666,2.917401,183.614,6.839,183.614,4750,103663
GraphSAGE,kcenter,0.5,1,5e-06,65.480411,2.844919,183.614,6.839,183.614,4750,103663
GraphSAGE,kcenter,0.5,2,5e-06,64.561369,3.035797,183.614,6.839,183.614,4750,103663
GAT,kcenter,0.6,0,4e-06,54.008913,12.059903,174.553,5.541,174.553,3512,82930
GAT,kcenter,0.6,1,5e-06,54.679872,11.097923,174.553,5.541,174.553,3512,82930
GAT,kcenter,0.6,2,5e-06,53.176067,18.485737,174.553,5.541,174.553,3512,82930
GCN,kcenter,0.6,0,5e-06,53.450238,1.499138,174.555,5.541,174.555,3512,82930
GCN,kcenter,0.6,1,5e-06,54.358511,1.00459,174.553,5.541,174.553,3512,82930
GCN,kcenter,0.6,2,4e-06,53.514112,1.111057,174.553,5.541,174.553,3512,82930
GraphSAGE,kcenter,0.6,0,4e-06,53.202634,1.741834,174.553,5.541,174.553,3512,82930
GraphSAGE,kcenter,0.6,1,5e-06,54.35934,1.726733,174.553,5.541,174.553,3512,82930
GraphSAGE,kcenter,0.6,2,5e-06,53.383889,1.633939,174.553,5.541,174.553,3512,82930
GAT,kcenter,0.7,0,4e-06,38.270581,10.075657,164.92,4.024,164.92,2501,62198
GAT,kcenter,0.7,1,5e-06,38.713253,10.23599,164.919,4.024,164.919,2501,62198
GAT,kcenter,0.7,2,4e-06,39.295982,11.284737,164.919,4.024,164.919,2501,62198
GCN,kcenter,0.7,0,5e-06,38.277411,0.703478,164.919,4.024,164.919,2501,62198
GCN,kcenter,0.7,1,4e-06,38.393162,0.922963,164.919,4.024,164.919,2501,62198
GCN,kcenter,0.7,2,5e-06,38.340931,1.06651,164.919,4.024,164.919,2501,62198
GraphSAGE,kcenter,0.7,0,4e-06,38.265461,1.249787,164.919,4.024,164.919,2501,62198
GraphSAGE,kcenter,0.7,1,4e-06,39.594245,1.545319,164.922,4.024,164.922,2501,62198
GraphSAGE,kcenter,0.7,2,5e-06,38.3482,1.371966,164.919,4.024,164.919,2501,62198
GAT,kcenter,0.8,0,4e-06,17.411435,1.601802,142.282,0.459,142.282,2161,3799
GAT,kcenter,0.8,1,5e-06,17.41617,1.679575,142.282,0.459,142.282,2161,3799
GAT,kcenter,0.8,2,5e-06,17.578353,2.318182,142.282,0.459,142.282,2161,3799
GCN,kcenter,0.8,0,4e-06,17.415454,0.116131,142.282,0.459,142.282,2161,3799
GCN,kcenter,0.8,1,4e-06,17.326334,0.17305,142.282,0.459,142.282,2161,3799
GCN,kcenter,0.8,2,4e-06,17.476694,0.140748,142.282,0.459,142.282,2161,3799
GraphSAGE,kcenter,0.8,0,4e-06,17.446952,0.268515,142.282,0.459,142.282,2161,3799
GraphSAGE,kcenter,0.8,1,4e-06,18.31946,0.221624,142.282,0.459,142.282,2161,3799
GraphSAGE,kcenter,0.8,2,4e-06,17.396282,0.241064,142.282,0.459,142.282,2161,3799
GAT,kcenter,0.9,0,4e-06,17.402672,2.01536,142.282,0.459,142.282,2161,3799
GAT,kcenter,0.9,1,7e-06,17.452469,1.963077,142.282,0.459,142.282,2161,3799
GAT,kcenter,0.9,2,4e-06,17.426877,2.016579,142.282,0.459,142.282,2161,3799
GCN,kcenter,0.9,0,5e-06,17.436512,0.144365,142.282,0.459,142.282,2161,3799
GCN,kcenter,0.9,1,4e-06,18.600037,0.159933,142.282,0.459,142.282,2161,3799
GCN,kcenter,0.9,2,3e-06,18.034843,0.148168,142.282,0.459,142.282,2161,3799
GraphSAGE,kcenter,0.9,0,4e-06,17.538229,0.276492,142.282,0.459,142.282,2161,3799
GraphSAGE,kcenter,0.9,1,4e-06,18.609701,0.268308,142.282,0.459,142.282,2161,3799
GraphSAGE,kcenter,0.9,2,4e-06,17.480765,0.263798,142.282,0.459,142.282,2161,3799
