source,target,weight
FENVOL,FUTYOK,0.8872980733761306
IMUTUG,IMUVES,0.999959678672884
ODOXEK,MITSAK,0.9999999069802648
ODOXEK,MITSUE,0.9999997494543128
ODOXEK,FUMJAA,0.999966918402946
FALGIK,POSGEL,0.8470694894635115
DOTSOV39,DOTSOV37,0.9999999846634474
DOTSOV01,DOTSOV33,0.9999999974739002
NUDPAE02,NUDPAE01,0.9999999965940184
DOTSOV26,DOTSOV38,0.999999999260666
DOTSOV26,DOTSOV32,0.9999999999453262
JETZAK,NOCKOG,0.9442498561082848
ELILIV,LOLREL,0.8227403514541815
DOTSOV04,DOTSOV05,0.9999999997628496
YUKTUU07,YUKTUU05,0.9999998902947838
YUKTUU07,JEDKIP,0.999999592510444
NIWYOJ,PEJNOJ,0.9998512913343236
NIWYOJ,FUTYOK,0.9999857111162964
EBAMUS,DOTSOV07,0.9999308847937758
EBAMUS,XAMDUM02,0.9999295468282908
EBAMUS,LUDLIH,0.9998693430985164
EBAMUS,DOTSOV14,0.9998483421819596
EBAMUS,XAMDUM05,0.9998482776475874
EBAMUS,DOTSOV13,0.9998460381549322
EBAMUS,DOTSOV11,0.999846022856379
XAMDUM05,BODPAN,0.9999998407270392
XAMDUM05,LUDLIH,0.9999962045613768
XAMDUM05,RILFEA,0.9999960661261508
XAMDUM05,DIHVIB01,0.9999949328090316
XAMDUM05,UXISUR,0.9999948650308256
XAMDUM05,FIQCEN,0.9999942312857606
XAMDUM05,LUDLED,0.9999932612051065
XAMDUM05,XAMDUM06,0.9999926195380896
XAMDUM05,YOZMIL,0.999989401027442
XAMDUM05,XAMDUM02,0.999983480913732
XAMDUM05,YOZMOR,0.999980834327168
XAMDUM05,YOZNAE,0.9999782431840162
XAMDUM05,DIHVIB,0.9999762671746868
XAMDUM05,DOTSOV13,0.9999750116463004
XAMDUM05,DOTSOV11,0.9999749820756968
XAMDUM05,DOTSOV15,0.9999747009871804
XAMDUM05,DOTSOV10,0.9999747008349468
XAMDUM05,DOTSOV14,0.999974678665864
XAMDUM05,DOTSOV08,0.9999744090994922
LOMQOV,VAKREG,0.9997818196975218
HOYQIX,IPUPIU,0.999989326963684
VAZTUM,MIBQAR,0.9999998643619488
VAZTUM,LATFUI,0.999999904087216
VAZTUM,HOLRAD,0.9999999595451088
VAZTUM,MIBQAR01,0.9999999420301132
VAZTUM,SAHYIK,0.9999998212845784
SAHYIK,PEKGAO,0.9998977158529722
SAHYIK,HOLRAD,0.9999996151964002
SAHYIK,MIBQAR01,0.999999602593529
DOTSOV05,DOTSOV23,0.999999999445039
DOTSOV05,DOTSOV22,0.9999999999653564
OJOQAF01,YUZJOU,0.9999310780688552
OJOQAF01,OJOQAF,0.9999884911158888
OJOQAF01,OJOQAF02,0.9999022389749368
AVUCEA,JOPGOM,0.9997331489355954
QOWRAV02,QOWRAV04,0.999999999086771
QOWRAV02,QOWRAV03,0.9999999966240452
QOWRAV02,QOWRAV05,0.9999999932645832
QOWRAV02,QOWRAV07,0.9999998771206056
QOWRAV02,QOWRAV08,0.9999998036062951
QOWRAV02,QOWRAV11,0.9999997167871724
QOWRAV02,QOWRAV10,0.9999995742536798
WEYQAU04,WEYQAU02,0.9999967859056654
ABAYOU,PUNYED,0.9999587522020028
TEQVES,IJEXIF01,0.9199248181336798
LATFUI,NIRZAQ,0.9999993021784684
YOZMOR,YOZNAE,0.99999958124681
YOZMOR,DIHVIB,0.9999994140617036
YOZMOR,XAMDUM07,0.9999987550680192
YOZMOR,YOZMIL,0.999998731343268
YOZMOR,XAMDUM,0.9999953241586556
YOZMOR,XAMDUM01,0.9999941848625076
YOZMOR,RILFEA,0.9999940251053144
YOZMOR,YOZPAG,0.9999936802926976
YOZMOR,LUDLIH,0.9999905891653704
YOZMOR,XAMDUM03,0.9999879510852568
YOZMOR,XAMDUM04,0.99998272671404
YOZMOR,BODPAN,0.9999826333975472
YOZMOR,XAMDUM02,0.9999681507776588
YOZMOR,DOTSOV42,0.9999185407800156
YOZMOR,DOTSOV13,0.9999122125623244
YOZMOR,DOTSOV11,0.9999121572070212
YOZMOR,DOTSOV12,0.999911183725116
YOZMOR,DOTSOV08,0.9999110880057688
YOZMOR,DOTSOV16,0.9999110781235394
WOSZEL,VOLQOD,0.9999991761069952
WOSZEL,OMUSAS,0.8183070003670198
XAMDUM07,YOZNIM,0.9999998721827268
XAMDUM07,YOZMIL,0.9999998370572248
XAMDUM07,LUDLED,0.9999993538659108
XAMDUM07,FIQCEN,0.999999003628566
XAMDUM07,XAMDUM,0.9999987313876336
XAMDUM07,YOZMEH,0.9999987170731022
XAMDUM07,UXISUR,0.9999987136869756
XAMDUM07,YOZNEI,0.9999984887974248
XAMDUM07,XAMDUM01,0.9999980177416078
XAMDUM07,RILFEA,0.999997991114868
XAMDUM07,DIHVIB,0.999997828456564
XAMDUM07,LUDLIH,0.9999939576228698
XAMDUM07,YOZPAG,0.999988319829035
XAMDUM07,DOTSOV42,0.999935211707786
XAMDUM07,DOTSOV13,0.9999295450412188
XAMDUM07,DOTSOV11,0.9999294953976472
XAMDUM07,DOTSOV15,0.9999290239519624
XAMDUM07,DOTSOV10,0.9999290237096417
XAMDUM07,DOTSOV14,0.9999289510673586
XAMDUM07,DOTSOV08,0.999928535537998
XAMDUM07,DOTSOV16,0.999928526618124
XAMDUM07,DOTSOV12,0.9999285157028424
CIFMAH,NIGPEA,0.9999987076173102
EKEXOI,HURGEH,0.9999772272091572
HURGOR,DERBIO,0.9999903232513792
HURGOR,MOXDOT01,0.9999514944376648
CUFORM06,OCUQIO,0.999812613882762
YOZNAE,DIHVIB,0.9999999569909942
YOZNAE,YOZNEI,0.9999990016457988
YOZNAE,YOZMIL,0.9999978538254626
YOZNAE,YOZNIM,0.9999974107139518
YOZNAE,LUDLED,0.9999957148242276
YOZNAE,YOZPAG,0.9999953708477888
YOZNAE,FIQCEN,0.9999948723753672
YOZNAE,UXISUR,0.999994238085129
YOZNAE,DIHVIB01,0.9999941723100872
YOZNAE,RILFEA,0.999992798335651
YOZNAE,XAMDUM03,0.9999860586935854
YOZNAE,XAMDUM04,0.999977950659904
YOZNAE,DOTSOV42,0.9999132258166832
YOZNAE,DOTSOV13,0.9999066865951536
YOZNAE,DOTSOV11,0.9999066294656328
YOZNAE,DOTSOV15,0.999906087061221
YOZNAE,DOTSOV08,0.9999055253825228
YOZNAE,DOTSOV12,0.9999055045659296
YUKTUU04,YUKTUU02,0.9999999641813808
DADTOS14,DADTOS13,0.9999982133682546
DADTOS14,DADTOS02,0.9999954329835468
DADTOS14,DADTOS15,0.999994221628692
DADTOS14,REZJIR02,0.9999926867605924
DADTOS14,DADTOS04,0.9999926082665608
DADTOS14,YUKTUU01,0.9999921747549444
DADTOS14,PADJOU01,0.9999745459669848
DADTOS14,MNFORD03,0.9999318212255393
DADTOS16,LIJWOR03,0.99999559813411
DADTOS16,PADJOU,0.9999776876754928
DADTOS16,YANWOC02,0.9999653360708948
DADTOS16,DADTOS02,0.9999604298722456
DADTOS16,DADTOS,0.999954346150142
DADTOS16,DADTOS04,0.9999527732287564
YUKTUU02,YUKTUU03,0.9999999857192208
XAMDUM03,BODPAN,0.9999992375889094
XAMDUM03,RILFEA,0.999998896767706
XAMDUM03,XAMDUM01,0.9999988645693942
XAMDUM03,DIHVIB01,0.9999982441700772
XAMDUM03,UXISUR,0.9999982217563016
XAMDUM03,YOZMEH,0.999998217744162
XAMDUM03,YOZNEI,0.999988306733936
XAMDUM03,XAMDUM02,0.999981743013018
XAMDUM03,DOTSOV42,0.9999688448189716
XAMDUM03,YOZPAG,0.9999653679492796
XAMDUM03,DOTSOV11,0.9999648436327588
XAMDUM03,DOTSOV10,0.999964510309036
XAMDUM03,DOTSOV14,0.9999644585244924
XAMDUM03,DOTSOV16,0.9999641585378274
XAMDUM03,DOTSOV12,0.9999641504140928
VUSKAW,MIBQAR,0.999999056023704
MNFORD03,LIJWOR03,0.9999957547502304
MNFORD03,PADJOU01,0.9999892070376314
MNFORD03,DADTOS15,0.9999657149383688
MNFORD03,PADJOU,0.9999605450626712
MNFORD03,DADTOS13,0.999907976922122
MNFORD03,YANWOC02,0.999900189716327
MNFORD03,DADTOS,0.9998820818180318
MNFORD03,DADTOS04,0.9998795617682434
DIHVIB01,UXISUR,0.9999999882559738
DIHVIB01,XAMDUM,0.9999999880870992
DIHVIB01,YOZMEH,0.9999999880828117
DIHVIB01,FIQCEN,0.9999999666485772
DIHVIB01,RILFEA,0.999999914461384
DIHVIB01,XAMDUM06,0.9999997743097516
DIHVIB01,YOZNIM,0.9999993492728624
DIHVIB01,YOZMIL,0.9999989369937898
DIHVIB01,LUDLIH,0.9999974711469364
DIHVIB01,DIHVIB,0.9999931296608188
DIHVIB01,XAMDUM04,0.9999921585495446
DIHVIB01,XAMDUM02,0.9999783565949124
DIHVIB01,DOTSOV42,0.9999523305677582
DIHVIB01,DOTSOV15,0.9999470030808716
DIHVIB01,DOTSOV10,0.9999470028651116
DIHVIB01,DOTSOV14,0.9999469600267828
DIHVIB01,DOTSOV12,0.999946583705295
DIHVIB01,DOTSOV16,0.9999465732330248
OJOQAF03,MIRNOR,0.999768992418026
OJOQAF03,LETVUB,0.9997288580546
DOTSOV31,DOTSOV40,0.9999999890146094
DOTSOV31,DOTSOV37,0.9999999947386612
DOTSOV03,DOTSOV43,0.9999999937452642
DOTSOV30,DOTSOV29,0.9999999983407376
DOTSOV30,DOTSOV24,0.9999999966801396
AVAQIX,KEJBOQ,0.9998680008640553
DERBIO,MOXDOT01,0.9998987841444148
FIXLAC,DUVNIS01,0.9999901171721484
FIXLAC,VEMTAJ01,0.999974824472768
FIXLAC,JOPGIG,0.9998620769216614
FIXLAC,DUVNIS,0.9999800971791344
MIMCOD,EBEXIU02,0.8017192182902684
DIGPER,EBEWIT,0.999999991880526
DIGPER,EBEXEQ01,0.9995295888588224
DIGPER,EBEXIU02,0.9999913064463848
QOWRAV06,QOWRAV03,0.9999999756555225
QOWRAV06,QOWRAV04,0.9999999661769025
QOWRAV06,QOWRAV10,0.9999998078384787
QOWRAV06,QOWRAV,0.9999996400127592
LIJWOR03,PADJOU01,0.9999984878105594
LIJWOR03,VIRJEM,0.9999954671078024
LIJWOR03,REZJIR02,0.9999876351483856
LIJWOR03,DADTOS15,0.9999853721817248
LIJWOR03,DADTOS02,0.9999302779761828
MIBQAR06,MIBQAR,0.9999989145373208
HEHROE,LAYWOA,0.9999668967166252
YOZPAG,YOZMIL,0.999987163650939
YOZPAG,YOZNIM,0.9999858859198556
YOZPAG,XAMDUM06,0.9999831860711808
YOZPAG,LUDLED,0.9999821797295868
YOZPAG,FIQCEN,0.999980501153202
YOZPAG,RILFEA,0.9999766238503658
YOZPAG,LUDLIH,0.9999689006963046
YOZPAG,XAMDUM04,0.9999561054422104
YOZPAG,BODPAN,0.9999559256902132
YOZPAG,XAMDUM02,0.9999367465105476
YOZPAG,DOTSOV42,0.9998685266096788
YOZPAG,DOTSOV13,0.9998605052342864
YOZPAG,DOTSOV15,0.9998597724519638
YOZPAG,DOTSOV10,0.9998597721084346
YOZPAG,DOTSOV14,0.99985968411301
YOZPAG,DOTSOV08,0.999859086320902
YOZPAG,DOTSOV16,0.9998590738007326
YOZPAG,DOTSOV12,0.999859072527398
AMOMUM,NUDNUW09,0.9995658536336144
GURXUN01,LODZOU,0.841313177667209
MITSIS,MITSUE,0.9999986380479108
MITSIS,MITSAK,0.9999984533259616
MITSIS,FUMJAA,0.999982126677248
MITSIS,PARKUQ01,0.999936883113369
IXISOZ02,SIKYER,0.9995453338201848
QOWRAV09,QOWRAV11,0.999999998072716
QOWRAV09,QOWRAV07,0.9999999491333862
QOWRAV09,QOWRAV03,0.9999997317020464
XAMDUM04,XAMDUM02,0.9999963609022072
XAMDUM04,XAMDUM,0.9999915957266496
XAMDUM04,YOZMIL,0.99998905526876
XAMDUM04,YOZNIM,0.9999889013837936
XAMDUM04,YOZNEI,0.9999847276791476
XAMDUM04,DOTSOV11,0.999962894033519
XAMDUM04,DOTSOV16,0.9999622450986756
AXINAX01,DIBQIQ,0.9998491036784452
QAWHIH,QAWHIH01,0.9999995501392164
QAWHIH,OQIZUL,0.999858483323785
QAWHIH,YOZNUY,0.9998541575768316
NUDPAE07,NUDPAE11,0.9999893034797964
TISPAO,DIHVIB,0.9998623305439454
DOTSOV41,DOTSOV40,0.99999982538514
TOFQEM,ROCZEQ,0.9999545320788426
XAVQIU,XAVQIU01,0.999971781984482
VEDFUH,BOWDOI,0.9999984466070176
VEDFUH,VEDFER,0.999977491791985
VEDFUH,VODNOS,0.9999662589632454
FECXUI,IDIXAU,0.993998114402146
VEGMIE01,VEGMIE,0.9999705116851606
VEGMIE01,VAKRIK,0.9999844710630568
TIKXAN,CUFDOX,0.9999999959821976
TIKXAN,CUFFUF,0.9999999008862086
TIKXAN,CUFFOZ,0.9999997482679706
TIKXAN,YAMXOC,0.999999701178699
TIKXAN,FEYDET,0.999976606077286
FEYDET,IMUVAO,0.9982698407816942
FEYDET,CUFDOX,0.999976071908881
FEYDET,YAMXOC,0.9999724189240976
TIVYAZ,CIFMIP,0.9999999437999576
KAJZIH,QIZLOC,0.9999469250764366
KAJZIH,OHOMIH,0.9999453984376
LUDLIH,XAMDUM01,0.9999978012468562
LUDLIH,RILFEA,0.99999754447581
LUDLIH,BODPAN,0.9999975198488288
LUDLIH,UXISUR,0.9999971482295064
LUDLIH,YOZMEH,0.9999971438546972
LUDLIH,FIQCEN,0.999996900390585
LUDLIH,LUDLED,0.9999964818648964
LUDLIH,YOZMIL,0.9999954837098924
LUDLIH,XAMDUM02,0.9999906043847288
LUDLIH,DIHVIB,0.9999859719760752
LUDLIH,DOTSOV13,0.999956706300112
LUDLIH,DOTSOV11,0.999956668234066
LUDLIH,DOTSOV14,0.999956547434524
LUDLIH,DOTSOV15,0.9999563075103776
LUDLIH,DOTSOV10,0.9999563072357298
LUDLIH,DOTSOV12,0.9999562135333864
LUDLIH,DOTSOV08,0.9999559332231308
DOTSOV38,DOTSOV27,0.9999999933255068
DOTSOV38,DOTSOV25,0.9999999992050496
DOTSOV36,DOTSOV28,0.9999999986972632
EBEWOZ01,EBEWIT,0.9999885654465024
QOTZEG,KOQXUL,0.889784332177241
XAMDUM06,FIQCEN,0.9999999005885224
XAMDUM06,YOZNIM,0.9999998682049756
XAMDUM06,XAMDUM,0.9999998033608576
XAMDUM06,YOZMEH,0.9999997977024718
XAMDUM06,UXISUR,0.999999796355534
XAMDUM06,RILFEA,0.9999994605621868
XAMDUM06,YOZNEI,0.9999968779411216
XAMDUM06,DIHVIB,0.9999953494945064
XAMDUM06,BODPAN,0.9999933951968358
XAMDUM06,XAMDUM02,0.9999751917305798
XAMDUM06,DOTSOV42,0.9999457379823024
XAMDUM06,DOTSOV13,0.9999405419175856
XAMDUM06,DOTSOV11,0.9999404963115892
XAMDUM06,DOTSOV08,0.9999396142372068
XAMDUM06,DOTSOV16,0.9999396060374662
YOZMIL,YOZNIM,0.9999998963729728
YOZMIL,LUDLED,0.9999994306552384
YOZMIL,FIQCEN,0.999999138942026
YOZMIL,YOZMEH,0.9999988923949092
YOZMIL,UXISUR,0.999998889932488
YOZMIL,RILFEA,0.9999982522962096
YOZMIL,DIHVIB,0.999997225493484
YOZMIL,BODPAN,0.9999906430567986
YOZMIL,XAMDUM02,0.9999750660464988
YOZMIL,DOTSOV42,0.9999374741520336
YOZMIL,DOTSOV11,0.9999318617585438
YOZMIL,DOTSOV14,0.9999314034560756
YOZMIL,DOTSOV15,0.999931398719823
YOZMIL,DOTSOV12,0.999930975719158
YOZMIL,DOTSOV08,0.9999309189364444
FUTYOK,KAFYAT,0.9082467080890024
PADJOU,PADJOU01,0.9999825456009852
PADJOU,VIRJEM,0.9999782567046808
PADJOU,DADTOS13,0.9999514216901336
PADJOU,YANWOC02,0.9999470713074292
PADJOU,DADTOS02,0.9999425299128312
PADJOU,DADTOS04,0.999935277506321
TULLIX,GOXGAD,0.8688243090041758
XADDOX,DAFHEZ,0.9999334671441168
XADDOX,XADDUD,0.9999006156741628
KEJWAY,EXUXEC,0.9999325723010076
KEJWAY,TATSIS,0.9998502713144216
KEJWAY,BIPXIK,0.9998473230358008
JOQQAJ,VAKRIK,0.999986085563082
JOQQAJ,MOXDIN,0.9998746542330462
JOQQAJ,MOXDIN01,0.999866260693958
KEDQAN,UWAGAB04,0.999675381571654
KEDQAN,XAFFER,0.9997941015486728
RILFEA,UXISUR,0.9999999198007932
RILFEA,YOZMEH,0.9999999189515848
RILFEA,FIQCEN,0.999999824297726
RILFEA,LUDLED,0.9999996235820084
RILFEA,YOZNIM,0.9999988234663156
RILFEA,YOZNEI,0.999994108619358
RILFEA,XAMDUM02,0.9999785973544002
RILFEA,DOTSOV13,0.9999513286864504
RILFEA,DOTSOV11,0.9999512874230044
RILFEA,DOTSOV15,0.9999508954109284
RILFEA,DOTSOV10,0.9999508952095992
RILFEA,DOTSOV14,0.9999508322555416
RILFEA,DOTSOV08,0.9999504890122088
RILFEA,DOTSOV16,0.9999504815872268
RUBTAK08,SURKUN,0.999999999252312
RUBTAK08,KINGUM,0.9999845866681932
YUKVIK,DADVAG,0.9999677348833548
WIZMAV05,WIZMAV06,0.9999999977758098
WIZMAV05,WIZMAV,0.999999958005945
WIZMAV05,WIZMAV09,0.9999999530248695
WIZMAV05,ERARUM,0.9999994826414778
WIZMAV05,UVAHIK,0.9999952024999832
WEYQAU06,WEYQAU01,0.9999845745255608
WULKAQ,DOTSOV22,0.9999999956566832
TUDJAE,TUDJUY,0.9999993745920562
TUDJAE,SEFVEG,0.9999731816472348
TUDJAE,SEFVEG02,0.9999728546581902
IFABIA01,QUDGED,0.8547577211672774
IFABIA01,IFABIA02,0.9999991853756308
DOTSOV42,DOTSOV11,0.9999998791676464
DOTSOV42,DOTSOV10,0.9999998588852436
DOTSOV42,DOTSOV14,0.9999998458851544
DOTSOV42,DOTSOV12,0.9999998256898353
DOTSOV42,BODPAN,0.9999763354375728
DOTSOV42,XAMDUM02,0.9999606039829978
DOTSOV42,UXISUR,0.9999521823702456
DOTSOV42,YOZMEH,0.9999521616761664
DOTSOV42,XAMDUM,0.999952074033396
DOTSOV42,LUDLED,0.9999475049421304
DOTSOV42,YOZNIM,0.9999405414999916
DOTSOV42,DIHVIB,0.9999093198608696
KEPNAX04,KENVOR01,0.8787245848735148
ESADUZ01,PIQPUC,0.9627602458773662
TUDJUY,OFERUN,0.9999971916637428
TUDJUY,SEFVEG02,0.9999639889372212
TUDJUY,NIFQIF,0.999942430926624
QOWRAV03,QOWRAV05,0.9999999994256
QOWRAV03,QOWRAV07,0.9999999144796584
QOWRAV03,QOWRAV12,0.9999998024603842
QOWRAV03,QOWRAV11,0.999999775253376
QOWRAV03,QOWRAV10,0.999999646701186
QOWRAV03,QOWRAV,0.9999994284391064
XIHSAJ,XIHSAJ01,0.9999836620233018
XIHSAJ,XIHSEN01,0.99998317395893
XIHSAJ,XIHSEN,0.9999538077100404
XAMDUM02,BODPAN,0.9999861886031816
XAMDUM02,XAMDUM01,0.9999793416579232
XAMDUM02,UXISUR,0.9999774134415302
XAMDUM02,YOZMEH,0.9999774014444976
XAMDUM02,XAMDUM,0.9999773811388408
XAMDUM02,FIQCEN,0.999976786316428
XAMDUM02,YOZNIM,0.9999741856839928
XAMDUM02,YOZNEI,0.999971501706406
XAMDUM02,DIHVIB,0.9999590059275768
XAMDUM02,DOTSOV14,0.999957749249443
XAMDUM02,DOTSOV12,0.999957486326254
XAMDUM02,DOTSOV11,0.9999572242272808
XAMDUM02,DOTSOV15,0.999956941495791
XAMDUM02,DOTSOV10,0.9999569410944852
XAMDUM02,DOTSOV08,0.9999566473740678
XAMDUM02,DOTSOV16,0.9999566423700172
YOZMEH,UXISUR,0.9999999999973636
YOZMEH,FIQCEN,0.9999999819151594
YOZMEH,LUDLED,0.9999998918644708
YOZMEH,BODPAN,0.9999954632825744
YOZMEH,YOZNEI,0.9999953092598832
YOZMEH,DOTSOV11,0.9999472326305204
YOZMEH,DOTSOV15,0.999946824662854
YOZMEH,DOTSOV10,0.9999468244533456
YOZMEH,DOTSOV14,0.9999467593705388
YOZMEH,DOTSOV08,0.9999464017900946
YOZMEH,DOTSOV12,0.9999463824194484
XUPSAE,TOXMUQ,0.9999998603472224
CUMLUT,CEHKUW,0.9999924059572298
DOTSOV17,DOTSOV,0.9999999051160524
DOTSOV17,DOTSOV43,0.9999999974531468
WEYQAU16,GINHOD,0.999074995664712
WEYQAU16,WEYQAU01,0.9998995960382088
XUDSUK,YINCUV,0.8600865312387236
FITSAD,ASUKEE01,0.9999656305227402
JEDVUM,CIPLIX,0.999999640385709
JEDVUM,XAPSIS,0.9998966803543122
DOTSOV24,DOTSOV21,0.9999999930470412
VAKLIF,YINPEQ,0.999898909014133
VEFLUP,XIHSEN,0.9999994479360927
VEFLUP,XIHSEN01,0.9999852791327418
GAVDUD,NEHZUY,0.999999408666286
MITTAL,QISNIR,0.9999995089530406
ERIQUS,LONHON,0.999964064063597
JOPGOM,HURGEH,0.9999816954740628
ZEFSAG,URUFIY,0.8647564176712907
MUDTAH,KEQDER,0.9105436120087108
JOVYAW,KEQDER,0.9198616235098384
LAYXAN,LAYWOA,0.9999706232812738
LAGWIB,VAKREG,0.9999612940998648
DOTSOV08,DOTSOV10,0.9999999991633428
DOTSOV08,BODPAN,0.9999722533171904
DOTSOV08,XAMDUM,0.9999463090210684
DOTSOV08,FIQCEN,0.9999444147684587
DOTSOV08,LUDLED,0.9999414790303616
DOTSOV08,YOZNEI,0.999912922816752
REZJIR02,YUKTUU05,0.999999969038295
REZJIR02,DADTOS15,0.9999999001600096
REZJIR02,VIRJEM,0.999998017387724
REZJIR02,PADJOU01,0.9999943752684434
REZJIR02,DADTOS13,0.9999836764344272
REZJIR02,YANWOC02,0.9999803049104216
REZJIR02,DADTOS04,0.999970600894838
EKEKEL,XOJWOJ,0.9994166900731803
ULISOZ,NIWYID,0.9999956680963532
ULISOZ,REGREC,0.9999522539456176
NIFSUT,NIFQIF,0.9999968333872368
LEPKUO,SAKFAO,0.8029760796906509
HERYOT,XEXLOD,0.8205972791505847
HERYOT,QOBGEV,0.8471803015630074
QOWRAV10,QOWRAV12,0.999999977519318
QOWRAV10,QOWRAV07,0.9999999088256604
QOWRAV10,QOWRAV05,0.9999996746177808
CUFFOZ,YAMXOC,0.9999999841625792
VACFOV,MAYJOM,0.9999934690981878
VACFOV,VIFPUY02,0.9999853824272612
VACFOV,VIFPUY,0.9999845004568606
WIXJIW01,UVASAM,0.8950765872823211
EDOWIG,VEGMOK04,0.9998697234083056
DADTOS04,DADTOS,0.9999999866742098
DADTOS04,DADTOS02,0.9999996616020128
DADTOS04,YANWOC02,0.9999990304710934
DADTOS04,DADTOS15,0.999973759334745
DADTOS04,YUKTUU01,0.9999695780215468
DOTSOV13,DOTSOV16,0.999999996345504
DOTSOV13,BODPAN,0.9999728786224598
DOTSOV13,XAMDUM01,0.9999511468139785
DOTSOV13,UXISUR,0.9999472973008704
DOTSOV13,XAMDUM,0.9999471835674916
DOTSOV13,LUDLED,0.9999423922200792
DOTSOV13,YOZNIM,0.9999351082384044
DOTSOV13,YOZNEI,0.9999140326137356
DOTSOV13,DIHVIB,0.9999026377498056
VAKREG,CUZBUW,0.999752803874658
MOXDEJ,FILYEG,0.9998691730359808
DOTSOV33,DOTSOV34,0.9999999988398368
WEYQAU02,WEYQAU01,0.9999891063926694
WEYQAU02,WEYQAU09,0.9999846485787732
WIZMAV04,WIZMAV,0.999999994454712
WIZMAV04,WIZMAV06,0.9999999930615032
WIZMAV04,ERARUM,0.9999992782527024
WIZMAV04,UVAHIK,0.9999957569259308
DEKGOS,OGULUY,0.850353916222837
DADVAG01,DADVAG,0.9999999714748125
UMUBEL,QOWRAV,0.8378380434551155
EXUTAU,EXUSUN,0.9999995081653432
HIZQOX,YINPEQ,0.9998642434350594
OHIHUJ,DOJXIK,0.9999883489364464
ALUJEX,SEQWIW,0.9404507708606809
UFATEA01,ACICOH,0.9998717810499776
QUSBIQ,YINPEQ,0.9996500024881708
SCFORM10,SCFORM01,0.999944694957502
AHETAK,BOWDIC,0.9999983104493684
AHETAK,BIPXIK,0.9999978740020984
AHETAK,BOWDOI,0.9999952922324228
AHETAK,VEDFER,0.999971823611776
DADTOS02,YANWOC02,0.99999983760192
DADTOS02,DADTOS,0.9999997825576542
DADTOS02,DADTOS13,0.999999359332022
DADTOS02,YUKTUU01,0.9999756560176554
DADTOS02,PADJOU01,0.999948628647484
FUQJUX,PEBNER,0.9999207500861642
XAMDUM,FIQCEN,0.9999999835789146
XAMDUM,XAMDUM01,0.9999999133858648
XAMDUM,LUDLED,0.9999998959903682
XAMDUM,YOZNIM,0.9999993666013728
XAMDUM,BODPAN,0.9999954378833064
XAMDUM,DOTSOV15,0.9999467322605594
XAMDUM,DOTSOV16,0.9999463012891346
XAMDUM,DOTSOV12,0.9999462898410368
DOTSOV22,DOTSOV20,0.9999999999305796
DOTSOV22,DOTSOV19,0.9999999983654608
MIBQAR01,HOLRAD,0.999999989524293
MIBQAR01,PEVQOY,0.9999882023030204
DURDAX,XOMHEO,0.9416520461873904
JOPGUS,XAPSIS,0.999994914071778
XEFGUN01,YIHZIA01,0.838437692814662
RUBTAK05,UFOSEQ,0.9999999953829172
IDAZAQ,FUQREQ,0.9981243327523466
LUDLED,FIQCEN,0.9999999622239149
LUDLED,UXISUR,0.9999998908789712
LUDLED,YOZNEI,0.9999964958982116
LUDLED,DIHVIB,0.9999948132776384
LUDLED,BODPAN,0.9999939910173056
LUDLED,DOTSOV15,0.9999419209317608
LUDLED,DOTSOV10,0.9999419207127525
LUDLED,DOTSOV14,0.9999418533462878
LUDLED,DOTSOV16,0.9999414709581768
LUDLED,DOTSOV12,0.9999414594360472
NIGPEA,AXINIF,0.9999947900534744
AZAVUU,ZAZBUZ,0.9161986160812304
PEVQOY,PERROW,0.9081755534504652
PEVQOY,OFORUZ,0.8173612765688067
PEVQOY,HOLRAD,0.9999877146409304
REGREC,GERWIL,0.90818968291156
JUXZIN,FEPGEP,0.8547892471713854
KAFTUI,XEGXIT,0.995858635239328
DOTSOV16,DOTSOV10,0.9999999991325484
DOTSOV16,DOTSOV15,0.9999999991316978
DOTSOV16,DOTSOV11,0.99999999669427
DOTSOV16,DOTSOV14,0.999999988889292
DOTSOV16,BODPAN,0.9999722478220762
DOTSOV16,UXISUR,0.9999464159690488
DOTSOV16,YOZNEI,0.999912913093854
DOTSOV16,DIHVIB,0.9999014412192904
KEDWOI,UFIYIR,0.9999514635042134
KEDWOI,GOCTID,0.9992898799997136
DOTSOV18,DOTSOV09,0.999999999716022
FENTEY,QISNIR,0.9998007031928946
PARKUQ01,PUNDUY,0.9999364095982536
PARKUQ01,FUMJAA,0.9998519011724604
KAKTIA,POFDEV,0.9999789302372324
ABEMIF,QIZLIW,0.99990405250713
UXISUR,FIQCEN,0.9999999815110652
UXISUR,YOZNIM,0.9999993541330884
UXISUR,BODPAN,0.9999954700942584
UXISUR,DOTSOV10,0.9999468462695936
UXISUR,DOTSOV12,0.9999464044527152
SAMVEK,DOLWAE02,0.85493938368953
SAMVEK,VEGXIQ01,0.8691999887593032
SAMVEK,LUSHOX05,0.9946128873211646
NIWZIE08,NIWZIE09,0.9999974807044842
NIWZIE08,NIWZIE17,0.9999721846109694
VEDGAO,BOWDIC,0.9999837081967196
VEDGAO,VEDFER,0.9999822742125342
VEDGAO,VODNOS,0.9999819826300648
VEDGAO,BIPXIK,0.9999798702063858
VEDGAO,EXUXEC,0.9999255206101764
MOXDOT01,MOXDOT,0.9999998420603358
TATSIS01,TATSIS,0.9999150511889484
TATSIS01,ABAVIJ,0.9999004299011196
TATSIS01,ERUNIQ,0.9998479548734442
YICKIH,SIKYER,0.8850729241855362
NAHHAI,MOHSAF,0.8952810887215978
OHOMIH,QIZLOC,0.9999909217171168
ILAKAH,LUSHOX05,0.9200536853955684
ACICOH,AKOXIJ,0.9995789300472648
CUFFUF,CUFDOX,0.9999999367775952
CUFFUF,CUFFIT,0.9999995369352638
TEVZOK,RATDAS02,0.9999969571232163
SEQWIW,AFOVAT,0.9997963817244316
DOTSOV14,DOTSOV10,0.9999999895474938
DOTSOV14,DOTSOV11,0.9999999885696048
DOTSOV14,BODPAN,0.999972604319648
DOTSOV14,XAMDUM01,0.9999506690496774
DOTSOV14,FIQCEN,0.9999447792710792
DOTSOV14,YOZNIM,0.9999345609447968
DOTSOV14,YOZNEI,0.99991356510075
DOTSOV14,DIHVIB,0.9999019426263664
XAVDEF,IDIWOH02,0.9999998490981956
XAVDEF,IXOFOR,0.9999997148001056
XAVDEF,IDIWOH05,0.99999999960373
XAVDEF,IDIWOH06,0.999999993110454
XAVDEF,ATOTIM,0.9999293187592626
KARMOH,MIXZOK,0.956332002601382
DUNXUH15,DUNXUH06,0.9999978052665944
DUNXUH15,DUNXUH13,0.9999859999710918
DOTSOV12,DOTSOV15,0.9999999887353688
DOTSOV12,DOTSOV10,0.9999999887299842
DOTSOV12,DOTSOV11,0.9999999863055168
DOTSOV12,YOZNIM,0.99993414302117
DOTSOV12,YOZNEI,0.9999130863868516
DOTSOV12,DIHVIB,0.999901431271671
AXULEM,KUJMIN,0.9199962165814656
PIJJEZ,HIZQEN01,0.8740478232932387
SIWYOO,SIWQIA02,0.9999863389292324
SIWYOO,YUKVUW04,0.9999151505338632
MAHTAR,NIRGAY,0.8332266920103266
MAHTAR,LUSHOX05,0.9999129108736782
NATFAS,ATAFIK,0.9999897116233728
BIFSUF,DEHHEG,0.9997711536133688
BIPXIK,YODRAM,0.9999965913597936
BIPXIK,BOWDUO,0.9999964998121104
BIPXIK,BOWDOI,0.9999875292645736
BIPXIK,EXUXEC,0.9999823017516536
BIPXIK,VEDFER,0.9999604668464834
BAZGAM,AVAKEP02,0.8632966641954558
KAHMOW,XEGXIT,0.999999991625281
KAHMOW,XEGWIS,0.999999990518807
ATAFIK,QOBGEV,0.999053087586082
QOWRAV08,QOWRAV07,0.9999999914212142
QOWRAV08,QOWRAV05,0.9999998696113162
ETUWOG,BUKLOJ,0.9999561672050782
MIXZOK,NIWQIV,0.9048510838799104
JEDVEW,MITSAK,0.9999870045452204
BODPAN,XAMDUM01,0.9999966019424656
BODPAN,FIQCEN,0.9999948877051492
BODPAN,YOZNIM,0.9999916384586112
BODPAN,DIHVIB,0.9999778625823896
BODPAN,DOTSOV11,0.9999728479075642
BODPAN,DOTSOV15,0.9999725562076353
PEVQEO,NIRZAQ,0.9999991211077164
FAMBUS,DAKVIW,0.8667800751164074
TONBUU,VEMSUC,0.9999949346345594
TONBUU,GACVIS,0.9999874310705644
FUFVEJ,LIRVAK,0.9999964233094788
FUFVEJ,KIKRAA,0.999988121339664
XAMDUM01,FIQCEN,0.9999998255054172
XAMDUM01,YOZNEI,0.9999943287611662
XAMDUM01,DIHVIB,0.9999917065716456
XAMDUM01,DOTSOV11,0.9999511054694112
XAMDUM01,DOTSOV10,0.9999507125449136
OXEWUL,VOQXIK,0.997395644479093
FUMJAA,MITSUE,0.9999710718610452
FUMJAA,MITSAK,0.9999700651903568
NOMPIQ01,NOMPIQ,0.9999989396442016
NOMPIQ01,CIKPEU,0.9999983422127056
VIFPUY02,VIFPUY05,0.9999999986025856
VIFPUY02,VIFPUY,0.9999999790690556
VIFPUY02,MAYJOM,0.9999593163649988
FIQCEN,YOZNEI,0.99999582136405
FIQCEN,DIHVIB,0.9999938902236388
FIQCEN,DOTSOV11,0.9999452609276256
FIQCEN,DOTSOV15,0.9999448454230856
FIQCEN,DOTSOV10,0.9999448452096688
DADTUY07,OXCFOR,0.9939474992849308
DOTSOV15,DOTSOV10,0.999999999999999
DOTSOV15,DOTSOV11,0.9999999992144026
DOTSOV15,YOZNIM,0.9999346081335424
DOTSOV15,YOZNEI,0.9999134596963192
DOTSOV15,DIHVIB,0.9999020253698102
GINHOD,MEFZUU,0.8088183726093296
QOWRAV11,QOWRAV12,0.999999999122618
QOWRAV11,QOWRAV07,0.9999999670083746
QOWRAV11,QOWRAV05,0.999999797402902
HEBNAF,WEMWAP,0.846271927669292
XIHXAP01,ESEDEN,0.915324807987418
VACFOV01,VIFPUY,0.9999964772959664
VACFOV01,MAYJOM,0.9999786438925976
HUTZAX01,VOPTAX,0.8094642880890883
RUBZIY01,YICREI,0.9997926817870484
IJEXIF01,NIWYID,0.9998681962276472
LIRVAK,KIKRAA,0.9999810106401896
LIRVAK,XIQZIH,0.9998558723692824
RUBTAK04,RUBTAK07,0.999999996528699
QOWRAV04,QOWRAV05,0.999999997311566
QOWRAV04,QOWRAV07,0.9999998973938192
QOWRAV04,QOWRAV12,0.999999776897085
NEHZUY,NEHZOS,0.9999994909150594
RUVBOB,WOBNOS,0.8795095017019283
YOZNIM,YOZNEI,0.9999980003748492
YOZNIM,DIHVIB,0.9999967026436
YOZNIM,DOTSOV11,0.9999350605900784
YOZNIM,DOTSOV10,0.999934607894034
CIPLIX,XAPSIS,0.9999085101062444
QOWRAV05,QOWRAV07,0.9999999279227816
QOWRAV05,QOWRAV12,0.9999998231901264
RUPZIM,VEGMOK04,0.9184900343083562
GUDFER,QILYIT,0.831592399979415
HIZQEN01,HIZQEN,0.999994558883084
WIZMAV08,WIZMAV11,0.9999999980144424
WIZMAV08,WIZMAV06,0.9999999936066376
WIZMAV08,UVAHIK,0.9999957431413076
DIHVIB,YOZNEI,0.9999987849558686
DIHVIB,DOTSOV11,0.9999025793942148
MAWVAK,BEPPAP,0.9999689887832685
DADTOS,YANWOC02,0.9999992443883146
DADTOS,DADTOS13,0.99999839542895
DADTOS,DADTOS15,0.999974928423686
DADTOS,YUKTUU01,0.999970838054232
DADTOS,VIRJEM,0.9999549317608496
DADTOS,PADJOU01,0.9999417623235928
YANWOC02,DADTOS15,0.9999828771351822
YANWOC02,YUKTUU01,0.999979467492841
YANWOC02,VIRJEM,0.9999658444981804
YANWOC02,PADJOU01,0.999954200919002
VUMXUY02,KIYMEM01,0.8136975834826712
SETQUF,SETQOZ,0.9999999327794092
SETQUF,VAGVAC,0.9999220862359192
SETQUF,XADCOW,0.9999191149169646
YAXBUV02,VEXVAW,0.8611574413728498
YAXBUV02,YAXCAC,0.9999646047464842
QEKLID01,QEKLID,0.999999201204704
EXUXEC,BOWDIC,0.999978452081606
EXUXEC,BOWDUO,0.9999633548261148
EXUXEC,BOWDOI,0.9999439379530216
QOWRAV12,QOWRAV,0.9999999029287368
LUFNAC04,OFODET,0.8226934658938543
LARYOU,LOBQAV01,0.9993072939439144
VIFPUY05,VIFPUY,0.9999999859921392
VIFPUY05,MAYJOM,0.9999588381203324
HIBSUG01,KIJPUQ,0.8605745379759733
UFIRUX,GOCTID,0.9991319258506984
KUJMIN,MITSAK,0.999911915437836
BOWDUO,YODRAM,0.9999999993835385
BOWDUO,VODNOS,0.999953445128964
UDUMIP03,FERLEU,0.9962730361942866
LARYIO,ADEGIA,0.9984556765519356
YUKTUU01,DADTOS15,0.999999840006893
YUKTUU01,VIRJEM,0.9999982746512042
YUKTUU01,PADJOU01,0.9999947645043196
YUKTUU01,DADTOS13,0.9999829131148128
KAKCEH02,IFIQUM,0.8001918260150459
KAKCEH02,KAKCEH01,0.9999995632817206
WEYQAU01,WEYQAU09,0.9999480274091456
ERUNIQ,TATSIS,0.9999861011149608
IZETUE,IZEVOA,0.9992903079783422
LUYSOP,MOXDIN01,0.999710906534458
GEVXIQ,AFOJIO,0.9981107028425588
EYUGIP,EYUGEL,0.900725133638147
IDIWOH05,IDIWOH06,0.9999999959813756
DOTSOV11,DOTSOV10,0.9999999992135924
MURREW,POFDEV,0.9999448829083007
LACFUS,GAFREN,0.9999889357859916
XEGXIT,PUQYAC,0.9999999955327732
ACAZEK,MAGVOG31,0.9970230474593056
YABPEY,PUZJOL,0.9989538696913866
XOPXAC,NOCKOG,0.900673814698838
QOWRAV07,QOWRAV,0.9999997850954798
GOYLUB,HIZQEN,0.9999978820593094
BOJYIK,QACTUJ,0.9999990428983
DOTSOV10,YOZNEI,0.999913459374818
FERLEU,UDUMIP,0.996447542210925
LASMUP,SACCAD,0.8875984567731179
SUXWIT,NEBMEP,0.9997725050102868
YUZJOU,EKERIW,0.9992677146906476
WECSAZ,WECSAZ01,0.9998812485615546
IDIWOH06,ATOTIM,0.9999307047859416
MITSUE,MITSAK,0.999999947559758
XIHSEN01,XIHSAJ01,0.999999641253803
XIHSEN01,XIHSEN,0.999989565891585
APAYUN,WOJYEB,0.999989522756326
WIZMAV11,WIZMAV,0.9999999988946988
WIZMAV11,WIZMAV06,0.999999984495344
WIZMAV11,UVAHIK,0.9999959250193772
BOWDOI,YODRAM,0.9999965094749692
BOWDOI,BOWDIC,0.9999918987003344
BOWDOI,VEDFER,0.999987751972987
BOWDOI,VODNOS,0.9999693555758772
TILHAZ,MAQZUB,0.997908497925944
WOHYOH01,UPEMUZ,0.8482785152633774
WOHYOH01,MUQNOC,0.8209506870167969
SEFVEG,NIFQIF,0.9999973818801966
CERPOF,RUDRUE,0.9999499750324442
BUKLOJ,BUKLOJ01,0.9998165271665204
NUHFAY,HAHPIQ,0.9943665606810862
XIHSAJ01,XIHSEN,0.999991397571846
XUJQAV,VEMSUC,0.999998983805659
XUJQAV,XUJPOI,0.9999987869744884
XUJQAV,NUNPAP,0.9999688079732636
XUJQAV,NUNNUH,0.99993058354155
SEFVEG02,NIFQIF,0.9999974827493628
NUCRIN,ROSKIV,0.8858258329167049
YAMXOC,CUFDOX,0.9999997648163448
QACTUJ,BOJYIK01,0.999564798171458
QACTUJ,CUXQIW,0.9082122197379991
CUFDOX,CUFFIT,0.9999998112704124
SIRBIG01,XEHSOT,0.9985775195013664
DELTAQ,DELTAQ01,0.9999904176201784
DELTAQ,DELTAQ03,0.9999329309361789
GAWMOJ,PURJIW,0.9978749998473174
PESTAL,NUDNUW09,0.9999996699996162
WIZMAV06,WIZMAV,0.9999999751105956
WIZMAV06,WIZMAV09,0.9999999712438414
WIZMAV06,UVAHIK,0.9999954068408008
PEKZIP,RAGREY,0.9999838331583368
RUBTAK07,SURKUN01,0.999999998888057
RUBTAK07,RUBTAK09,0.9999999967411628
WIZMAV,WIZMAV09,0.9999999998603688
WIZMAV,UVAHIK,0.99999605812746
WIZMAV09,ERARUM,0.9999991243392516
WIZMAV09,UVAHIK,0.9999961048722604
WAQTAM,APEBED,0.822703729627744
NAMDOV,KUGQOT,0.9999669406666972
CUFDUD,IYUHIU,0.99998959711312
KOQXUL,KUGQOT,0.9998830457093172
YOYNUX,YOYPAF,0.99998147238024
RUXWEM03,WUZGEF,0.841374648457752
NASGEV,LUGLUU,0.9994508726185544
XALXIS01,USICAB02,0.8180863630048645
EDOWEC,GIZXET,0.8634675589038274
PAMTII,DODMIT,0.8324484129956607
LAVTAF,HIDDAB,0.9080423920949652
LAVTAF,UPIBOM,0.999987004799924
SIKYER,NILBUH,0.8328850015215044
BOWDIC,VEDFER,0.9999722438871288
BOWDIC,VODNOS,0.9999314534249606
BOJYIK01,HISTIO,0.800869043124714
DEGJIK,PASGAU,0.9999505419468672
KENVIL,KENTEF04,0.9999999998541148
OFOYUG,UQEFED,0.999995463784698
WAYKAK,AVAQAP,0.9472110294606564
CUTBEA,WOJYOL,0.8298197612734035
NUNNUH,NUNPAP,0.9999833893269104
MIRNOR,MIRNOR01,0.9999981765911948
LICSEW04,DOHDOU,0.9997306900436114
YODRAM,VEDFER,0.9999735783594412
YODRAM,VODNOS,0.9999531065194488
DADTOS15,YUKTUU06,0.9999999912804006
DADTOS15,VIRJEM,0.9999970861184124
DADTOS15,DADTOS13,0.9999860089491424
EFEGOM,SETQOZ,0.9999988907466628
EFEGOM,VAGVAC,0.9999435253054104
WOBHIF03,WOBHOL,0.9999999556673916
NOFHOG,RUYVIS,0.9619149037574176
ATIKET,RINTUF,0.9994406495314536
ATIKET,NILCIW,0.8333168298167127
NIWZIE09,NIWZIE17,0.9999864072709588
NIWZIE09,XEHSOT,0.9998996738734224
YANXIX02,YUKVUW04,0.999952341288164
ROJSUF,ROJSUF01,0.809357916353259
APAZIC,WOJYEB,0.9999983871332044
DADTOS13,VIRJEM,0.9999703338513176
DADTOS13,PADJOU01,0.999959409044192
NINVAI,EBIHII,0.9999931229518252
KENTEF04,KENVOR01,0.9999996460312304
HAZNED,HAZPIJ,0.9992044000385044
VIYHUI,ASUKEE,0.9999765271826128
VOQXIK,MAQDUD01,0.8691338628110784
YINNUH,WUNSEE01,0.9999962833751038
YINNUH,WUNSII,0.99994781378187
XAYMUF,HUFJAV,0.824101694944112
ROLCEC01,ROLCEC11,0.9999050800874428
WUNSEE01,SAHYAD02,0.9999336000678544
WUNSEE01,WUNSII,0.9999162501200056
WUNSII,SAHYAD02,0.9999989675482036
KAKCEH01,YIQVOL,0.851315045557653
OFEREX,WOJYOL,0.8851537588662188
TAMHUM,HUFJID,0.9991183958612104
TAJTIK,EXEQAA,0.8339581122817249
TECTUS,RUFMUA,0.9999285460958056
RUFMUA,ECEDEY,0.9079286028298468
GUWHEM01,GUWHEM,0.9999995345615484
VOKKIP,VOKKIP02,0.9999315602585622
VODNOS,VEDFER,0.999959047877348
XEHSOT,NIWZIE13,0.9998162654875268
GAFORM11,WIHTAK,0.999975680750104
WEBTUU,IDUWAH,0.8736740827215179
KIKRAA,RAGREY,0.9999101572628124
XUJPOI,NUNPAP,0.9999791077568434
UQOWUU,KEYZIZ,0.9996379628051588
GITVIP,GIZJUV,0.9952396784639628
PIQMUZ,QAMVEH,0.8857374193604028
RUZCIA,YAZVAZ,0.9988319309697248
ASUKEE01,ASUKEE,0.9999991907903646
VELVOY,UZEWUS,0.9999999480865212
XEGREJ,VUKKET,0.9402762781884308
LEPLAV,UHISEK,0.9970486767959056
GAMKUD,NIPHAY,0.996720264444102
MEFSOI,IGOYOU,0.8499868914660713
LARPOL,WUCRUH,0.9999600895716574
GUPBEZ02,GUSPUG,0.9933557814794216
ADUWIH,NERVAJ,0.9395885657852734
AVAQAP,HAXYIQ,0.8463987178497697
WECSAZ01,YIXFOC,0.9998490978174532
UGUQOC,FABFOF,0.9999986503439888
JOFPAX,KAYBAP,0.8899751939245275
KAYBAP,KAYBIX,0.9980614062671956
ROLCEC03,OCUQIO02,0.9970444193435316
UHOGEF,MOXNIY,0.9985829094215752
XOJLAK,WEBVAC,0.9048644482888752
RBTCNQ12,RBTCNQ13,0.9999357781788188
COCMOY,BAZJET,0.8799415338895132
BAZJET,MIVFOO,0.8948867917053556
UNINUC,UNINIQ,0.9999988838949008
BUZKUE,PEBNER,0.9999311200648268
BUZKUE,JAVNIE,0.9998478846037988
VESBIG,VESBIG01,0.9996472447084565
GAWMOI,MOZFIR,0.9105365712222088
OCUQIO02,OCUQIO,0.999999798326144
WUNTUV,SAHYAD02,0.9999932113294876
UNIRUF01,UNIRUF05,0.999683084094084
KOLPIL,JOSTIU,0.8426663846286386
ATIKIX,SAQQOR,0.940871702969568
VIRJEM,PADJOU01,0.999998794471739
TAFBEJ,TAFBIN,0.999168318504776
OBAHOR,OBAHUX,0.9999884702358308
SOWWUY,SOWYOU,0.9998366407049424
QAMVEH,FOFDAH,0.9047925044824788
YUKVUW04,YUKVUW07,0.9999991924239566
IBEXUJ,YIVZOU,0.8649615257615357
IBEXUJ,GUXSUO,0.8064586705307691
VABKEP,VABJIS,0.9969284168751146
HAPZUW,ACAFAO,0.999831699858611
YUBMIS,XEZVIJ,0.9984920832913816
IMIDZB02,IMIDZB08,0.999999808388168
SABWAU,OTECAT,0.9071010659418464
PIRMOU01,PIRMOU,0.9997598544212352
UKACIU,SIVGAH,0.9957294340457992
NOCKOG,WAMRIN01,0.8082478915853939
NOCKOG,UYEBOR,0.8253419040155486
AFOVAT,ATIJOC,0.9464318119905144
KEPFIX,KENVOR01,0.9117647030646976
TEPWOD,GEDPAJ,0.8446647501720785
QQQDHD01,HISFUM,0.8891015338892146
UDUMIP,CESYEF,0.8029199108601388
XICYIT,XICNOO01,0.998027636526872
IZEPEJ,GUSNEN01,0.9829207619924556
HELFAI,HAWDIU,0.9233039440287516
AYABAD,COYTIU,0.8422660243060178
JACJON,LAJDUV03,0.9843779163681944
MAWTUC,BEPNIV,0.9999851785491334
EROJUS02,EROJUS06,0.9999909343314908
LOQLIN,HUGLUS,0.8583400289352805
HIQKEZ,IZUKEV,0.9999313965729966
HAJVUM02,RUGJUA,0.9996229160464768
SOGXET,ILIFUE,0.9000050872958356
PACZUQ,ALALUU,0.8093327750746475
TOHRUF,TOHRUF01,0.9999997468247596
AVUKUY,AVULAF,0.999999195084524
EQUCUO02,EQUCUO01,0.9999999878570192
FASFUD,PUFNUB,0.9999999845956086
IMISON,IMISED,0.9890230872584154
SAQSAF02,SAQSAF01,0.9999837097961704
WILGOO,WILGEE,0.9938333465668938
JUQVAU,JUQTOG,0.999999110094372
CEMLOY,OTECAT,0.8329321154379306
IDAXIW01,QOTFAH,0.9999734658576034
UBUMOW,WAYWUR,0.9987148516393096
UXACAY,PIZPIX01,0.901905725102697
MAWBUK,MAWCEV,0.9999923578521666
SIVTAU,SIVSOH,0.999573432684276
VUNNEZ,VUNMOI,0.997355493688738
REGJIW02,QATPUX01,0.99998220337207
HUFJAV,HUFHUN,0.9992033636940162
YUSWIU,QUZVEO,0.9988541101677256
VESBUS,VESBUS01,0.9980136074197434
ERUVEU,ESANET,0.999589215432894
HOWPOA,HOWPEQ,0.999171039808343
JAMLEP,LIFWUT,0.9987825073654852
GITTOT01,VONQOG,0.8311377846277617
XUDYEB,XUDYAX,0.9999980116626244
UZATAR,QETSOY,0.9973603832669392
TEDWIL08,TEDWIL03,0.9999987417837852
YESXUS,YESYED,0.9999786054674216
HAJXOI,XODXIZ,0.9999753219220636
NAHQEU,NAHQAQ,0.9998813198787456
TEBDAI,TEBDEM,0.9999999243607112
WUXZAS,WUXYIZ,0.970114783775516
NETHOJ,WADDIR,0.9819776909024528
XAHZAI,XIJXAS,0.9999067548674349
GAKSOB,VOZHEX,0.8186881484589182
SAQQEH,RISXAT01,0.9439546821732332
KOSGUW,KOTDOO,0.9999957143337266
BICPUA,REQDIB,0.907338045229765
QUNMOC,QUNMUI,0.99958178329916
XULFOA,KIRFIA,0.8641092474013938
QOVXEG01,QOVXIK,0.9999863417717962
MINKUR,MINKOL,0.9998583183760664
NEBMEP,BERQAS,0.8059376909472078
LORGAA04,LORGAA05,0.9999998438334486
LIVWUK02,LIVWUK04,0.999999647020712
MIHHIU,MIHHUG,0.9999678202900985
ULAXUB,GAMTEU,0.9134911140240204
MUWQEB,TEYMAO,0.997722593007648
KOTBIG,KOSFOP,0.9999941590334644
VOKMUF,VOKCIJ,0.9216998474789792
NUHDIE,TIDWIO,0.8489544626317603
VODLEG,VODLEG01,0.9956904264554752
PUDTAK,MUDLIH,0.9999943067649876
XIGYOE,XAHROQ,0.9997929674136272
BEPPAP,BEPNIV,0.999999980524821
SADZUV,SAFBAF,0.8914112161722733
VEXYOM,QANYAG01,0.9993086088256748
MAPFIS,XEDLUN01,0.9154119562100698
RAPFOG,RAPFUM,0.8542091479704133
GIKBEK,LAHYOL,0.9981046037334348
SAKFAO,SAJLEX,0.999670698367547
PUWVOT,PUWVEJ,0.9999996699660196
IPABIL01,IPABIL,0.9999973569208644
YEBLAT,KIDVIE,0.9984243938849868
JADLOP01,JADLOP02,0.9999999646906176
XUHJEQ,XUHJEQ01,0.999999216590634
VIDXOX,QETSOY,0.9999817882781876
MARLUP,MARMIE,0.9957378986380174
LEZTIW,VAYDEG,0.8742298179320197
KEHWAY,KEHWEC,0.9998900919352166
JITQEJ,LIRTUC,0.9953124298431516
SUQHUJ,SUQJEV,0.9999924711609272
OQIJUU,OQIJOO,0.9999669763113704
LEBZIE,WIHSEN,0.9999929065235504
JABYUH01,JABYUH,0.9998536905513052
METJIH,PAXPAI,0.9021956331342498
OPUFAH01,OPUFAH,0.9999686991377296
KEHGAH,ILUFEB,0.8508993340867427
PESSUD01,PESSUD02,0.9999810386872872
PUFWIX,XUMVAE,0.8433030446174798
RIQFAB,PEBGIP,0.8849783301178243
ULEGOH,HIHQOE02,0.8109269215483385
WILNEL,WILNEL02,0.9999970612383222
IGOCUD,IGOCOX,0.9999521242951068
OKINIG,HOYCEF,0.8499418257596603
RIFQIG01,RIFQIG,0.9999922433726786
PUZBAO,FOTPEJ,0.8917566835069618
YEHDAS,VOCTOW,0.8078558619623465
TEQPEM,NIBPUM,0.802764957866502
XIGYIY,JAWXEN,0.999996472280592
YOMNUL10,YOMNUL02,0.999999813310877
QOZYUA01,QOZYUA03,0.9999990582985944
KARPOI01,KARPOI,0.999999494486752
UDESIG01,UDESIG,0.9999904842640296
PESTAK01,KOSGAC,0.9999915199357464
LORFED02,LORFED01,0.9999999999151432
MOXNUK,NOFDUI,0.9999998849923778
KEHDOS,WEJWAL,0.9985244606329564
SOWXAF,SOWXEJ,0.978681063808484
XUKKET,XUKKET01,0.9999999839771692
SEZCOS,SEZCIM,0.9999272494332696
LICDOX02,LICDOX01,0.9999913187773776
KOTBUS,KOTBOM,0.9999992368476
IYUQAV,IYUQID,0.9979502084496054
KUHRAI,RAYJOT,0.8576610480999289
QQQDSD01,ZAXLUH,0.99999899423401
XESKAJ,XESKEN,0.9999987286028496
GIXVOZ,ULUCUZ,0.999478107409172
MESNML,LALGIQ,0.99948117733901
XUJDAI02,LARVIL,0.9070289048062372
MEYDUP,REXBED,0.9974008753251862
QOVDAH,QOVDEL,0.9999981462474732
KULRIT,UDISUX,0.8298385937453376
TAVSER,TAVDEC,0.9894894062308895
JERXAI,MUTGUD,0.9990364322316664
XIVLOE,XIVLUK,0.9999948214671964
LAQKAP,LAQJUI,0.9995511252939342
JEHCUX,XEGQUW,0.8069657696393386
VIXGEQ,VIXGAM,0.9998767549926728
PEMGAR,PEMGEV,0.9999729683497764
UXABUR,ZAFXAI,0.8983115438956504
HUSPOB,HUSPUH,0.9243254181150248
MAXGOJ,GUTPES,0.8695904109944548
OFUCEZ,TEHMOJ,0.9905377164913204
IXEDUK,YUNXAI,0.9999927945226132
VAMHUM,JALTUL,0.998525518218682
PIBZUY,PICBAH,0.9999621885265476
GOJFAN,GOJDUF,0.9998204077861508
SOVWUX,SOVWOR,0.9998508842062556
HIHFOV,HUYXOP,0.8360882207033463
HOPMOQ,NAHQUK,0.8575189910894292
NUYNEC,NUYNAY,0.9999130393954112
HIFZEC,HIFZUS,0.9998582312618354
PUNSIB,PUNSUN,0.99933440287606
XUNJOG,XUNJIA,0.9998229619455984
XOWTAF,XOWSUY,0.9996225727929308
HEPLUM,HEPLIA,0.9999541323810112
SOGSAJ01,SOGSAJ,0.999914400926351
XORDAJ01,XORDAJ,0.9999359433428894
IFEKUA,IFEKOU,0.999869849280342
TIYMEU,OGIJIY,0.9914417308329156
HEFSUJ,KELFUF,0.9994385103363822
LACYOE,LACYUK,0.9997150460173316
XEJVOZ,XEJVEP,0.9928860923901928
TACPIX,TACPET,0.9999999763341548
HEJQEV,HEJREW,0.9999999618387392
YIQBEF01,YIQBEF,0.999977328535415
MUPTAU01,YOGVEX,0.9999865836422008
XELHUS,HAWZEK01,0.9972783794510124
TUHSOG,RUPRUQ,0.8058747756569602
TOJVUJ,VADQAS,0.9499396124331316
YUJNIB,YUJNOH,0.9985668159103044
MISKUV,VIWPAT,0.999997278768002
WEMDAV,SIYGIT,0.8091695562018812
JORQOY,YEYVII,0.997777646302911
MUYKOH,VARWUI,0.8199212135133718
MESGIB,MESGEX,0.9984866156634324
IWOSET,IWOSAP,0.9987457257361926
MAXDUM01,MAXDUM,0.9999327291980424
POBGAQ01,POBGOE02,0.9999997714641582
TEYREW01,TEYREW,0.999994573321566
MICDIL,MEKVAA,0.9983481657493468
MODWUX01,MOLTEN,0.8814151851401644
XUMVIM,XITDEL,0.999384488560903
UGIXOZ,KITZAR,0.8979386770185686
KEKMOF,KEKLEU,0.9979015141713724
IPUSER,RAKYIL,0.8186089999580752
JIVHIG,JIVHOM,0.9925629079920656
YAVMIT,XEDPIH,0.9978682639374798
JOBKUI,MUTDEM,0.8193292963653478
XISTIE,OKIPEE,0.856104582435258
YINRIZ,MAXFOI,0.9506796179484092
XEGQEG01,XEGQEG,0.9999984820350604
NAFUMA13,NAFUMA14,0.9999989866523332
VUNBOW,JEHTOG,0.9866158780590328
RABVOF03,RABVOF,0.99940504161029
RIBZOS,WADDUD,0.999932480889134
YEMLOS,XESKUD,0.998249142647776
REKWUB,REKXAI,0.9950719202622322
GEWWIQ,GEWWOW,0.893522045947457
YUGZEG,WIHQEM,0.9999999437073536
HUBHAO,HUWWEC,0.9989529789911956
PEJDUF,PEJFAN,0.9970188251488912
XICZAM,XICYOZ,0.9986262117327988
UFIKAX01,UFIKAX,0.9999635150466876
YEYMAQ,YEYMIY,0.9107193172604378
WUWVEQ,ILAMAK,0.808110087690594
YEYBOV,YEYBOV01,0.9998936749180164
FUXCOS,XOPKOD,0.98437013458072
LAVYOX,LAVYOX01,0.9998791058812582
KHOXAL03,KHOXAL12,0.9997045364798822
PIRNAH01,PIRNAH,0.9999990358494886
DIKBAB01,KOMJAY,0.995986148093046
RUGJIO,QEMMOL,0.9999943208921488
KUZHAQ,KUZHEU,0.999797004594583
UVIKOA,UVIKIU,0.9995105793613996
PEGPUO,INOJAX,0.9985876182908736
GIMWAB,GAQYIH,0.999985575622294
SOKWAS01,SOKWAS,0.998504148817629
NUHBIC,NUHBIC01,0.9999974237363528
ILIMUN,ILIMOH,0.999467796203214
MINVUA,MINVUA01,0.9999999469721744
SIVJAI01,SIVJAI,0.9999129580951888
XANZAQ02,XANMUX08,0.8105292534523405
MAKSAT,OHUVIY,0.9979592638000784
MAQRAA01,MAQRAA,0.99999750169639
HOZQOD01,HOZQOD,0.9999883830578395
ZATPOC,ZATPIW,0.9991303744188914
QAMJEU,QOGREK,0.9403116235897784
RASXIT,WEMCIC,0.9995392032732244
URUWEL,URUWIP,0.9996391192751592
TUFSEU,TUFSIY,0.9999902323705612
UDEPOK,WIPJUC,0.9999892857879054
KVIOLD02,KVIOLD01,0.999997297806606
JEGWUQ,JEGXAX,0.99979145618236
XUKJEU,YUMVOT,0.9999734939492816
MOXGAI,RAPXEN,0.9173528750965808
WEBKEW,SIGNEC,0.8414762862513135
GUPCUQ01,GUPDEB,0.9997595398531328
HOFXUV,HOFXOP,0.9999975921585752
MELHOB,JOFKIA,0.8362592849978352
OLURUI01,TEFWIL,0.8007446507232436
XAHZEM,XAHZEM01,0.9999776145425324
PUWQAA,GUPCUQ,0.999836337072088
TATBUO,VUKPUN,0.9996746654261982
YINRAR,MAXGEZ,0.9494419399800912
QUQSIG,MEYFOL,0.9990840937141136
TILFUQ,TILFUQ01,0.9999986559041631
UZAROE,REGXOS,0.9999998990719016
VEDRAY,VATXEU,0.9957244965749557
SAHTIF01,SAHTIF,0.9999999957482778
UVIPIZ,SIWGUB,0.8725551841577068
VIRJEL,OTARUX,0.8044412436557754
VESBOM01,VESBOM,0.9987501653887116
PIRHAB,PIRGOO,0.9999379151772578
MAXFEY,YINQUK,0.9505639518682116
HIDCOM,OKATOJ,0.8674796042649953
GEKQUI01,GEKQUI,0.9999823907324544
YUHMIZ,YUHMUL,0.9998421898589496
TARQAF,XIFXAM,0.9998054856565212
PUHLIP,PUHLEL,0.9995556879890668
ICUDOC,ICUHIA,0.9926258075215736
OWIVAS,OWITAQ,0.9999999942279756
UJUXOM,IKOQII,0.9996263823618532
XOGGOR,XOGGOR01,0.9999990383589474
JECFOP,JECGUW,0.9989876080485172
ROLZEZ,VUGXOM,0.9999448486278716
MAYYER,MAYXUG,0.9962550294150548
SEYFAE,QEKDOA,0.8640930978220736
YIFLUX,YIFKEG,0.9982970064618948
LOSKUA,LOSKUA01,0.9999999920260448
LAPMEU,IJOMAW,0.9994160246905044
VARWOC,SINXET,0.9998455940701346
XEGQOQ,OXIKUD,0.806017247273036
UTEZOK,KERTUZ,0.9140377310256704
WUWQUB,WUWRAI,0.999994892637109
TOLPEQ,WIKDEB,0.834071860657307
NUVDIS,HOPVIT,0.9999801653969996
WUHXEC,QEMYEM,0.8953587873769675
GIJMOB,GIJMOB01,0.9999570926869472
WIFGOJ,WIFGUP,0.984139220217503
WILNIP,WILNIP01,0.9999906315276688
